summary,id,field,bt,bg,term,cardinality,format,missingFrom,belongsAt,presentIn,reason,evidence,applicability,severity,source
cii · buyer.contact.email missing from json,cii|buyer.contact.email|json,buyer.contact.email,BT-58,BG-9,Buyer contact email address,0..1,cii,json,BT-58,model BT-58; json —; xml mapped,"BusinessRecipient has no trading name, no ISO 6523 scheme for company_id and no contact group",Unobserved: no transmission capture exists for UN/CEFACT CII (Factur-X / ZUGFeRD EN 16931); the evidence in docs/reference/fatturapa/ covers the FatturaPA path only.,,should-fix,structural · uapi-map.UAPI_LOSSY_FIELDS · R2
cii · buyer.contact.name missing from json,cii|buyer.contact.name|json,buyer.contact.name,BT-56,BG-9,Buyer contact point,0..1,cii,json,BT-56,model BT-56; json —; xml mapped,"BusinessRecipient has no trading name, no ISO 6523 scheme for company_id and no contact group",Unobserved: no transmission capture exists for UN/CEFACT CII (Factur-X / ZUGFeRD EN 16931); the evidence in docs/reference/fatturapa/ covers the FatturaPA path only.,,should-fix,structural · uapi-map.UAPI_LOSSY_FIELDS · R2
cii · buyer.contact.phone missing from json,cii|buyer.contact.phone|json,buyer.contact.phone,BT-57,BG-9,Buyer contact telephone number,0..1,cii,json,BT-57,model BT-57; json —; xml mapped,"BusinessRecipient has no trading name, no ISO 6523 scheme for company_id and no contact group",Unobserved: no transmission capture exists for UN/CEFACT CII (Factur-X / ZUGFeRD EN 16931); the evidence in docs/reference/fatturapa/ covers the FatturaPA path only.,,should-fix,structural · uapi-map.UAPI_LOSSY_FIELDS · R2
cii · buyer.legalRegScheme missing from json,cii|buyer.legalRegScheme|json,buyer.legalRegScheme,,,,,cii,json,buyer.legalRegScheme,model Legal registration scheme; json —; xml mapped,"BusinessRecipient has no trading name, no ISO 6523 scheme for company_id and no contact group",Unobserved: no transmission capture exists for UN/CEFACT CII (Factur-X / ZUGFeRD EN 16931); the evidence in docs/reference/fatturapa/ covers the FatturaPA path only.,,should-fix,structural · uapi-map.UAPI_LOSSY_FIELDS · R2
cii · buyer.tradeName missing from json,cii|buyer.tradeName|json,buyer.tradeName,BT-45,BG-7,Buyer trading name,0..1,cii,json,BT-45,model BT-45; json —; xml mapped,"BusinessRecipient has no trading name, no ISO 6523 scheme for company_id and no contact group",Unobserved: no transmission capture exists for UN/CEFACT CII (Factur-X / ZUGFeRD EN 16931); the evidence in docs/reference/fatturapa/ covers the FatturaPA path only.,,should-fix,structural · uapi-map.UAPI_LOSSY_FIELDS · R2
cii · lines.{i}.id missing from json,cii|lines.{i}.id|json,lines.{i}.id,BT-126,BG-25,Invoice line identifier,1..1,cii,json,/entries/{i}/details/number,model BT-126; json —; xml mapped,details.number is optional; without it the entry's position becomes the line id,Unobserved: no transmission capture exists for UN/CEFACT CII (Factur-X / ZUGFeRD EN 16931); the evidence in docs/reference/fatturapa/ covers the FatturaPA path only.,,should-fix,structural · uapi-map.UAPI_PARTIAL_FIELDS · R2
cii · lines.{i}.vat.rate missing from json,cii|lines.{i}.vat.rate|json,lines.{i}.vat.rate,BT-152,BG-30,Invoiced item VAT rate,0..1,cii,json,/entries/{i}/data/vat/percentage,model BT-152; json —; xml mapped,Only a VAT_RATE row has a percentage; an exemption or reverse-charge row carries none,Unobserved: no transmission capture exists for UN/CEFACT CII (Factur-X / ZUGFeRD EN 16931); the evidence in docs/reference/fatturapa/ covers the FatturaPA path only.,,should-fix,structural · uapi-map.UAPI_PARTIAL_FIELDS · R2
cii · payment.accountName missing from json,cii|payment.accountName|json,payment.accountName,BT-85,BG-17,Payment account name,0..1,cii,json,/payments/{i}/instruction/name,model BT-85; json —; xml mapped,The bank details only travel inside a CREDIT_TRANSFER instruction,Unobserved: no transmission capture exists for UN/CEFACT CII (Factur-X / ZUGFeRD EN 16931); the evidence in docs/reference/fatturapa/ covers the FatturaPA path only.,DE_EI: applicable,should-fix,structural · uapi-map.UAPI_PARTIAL_FIELDS · R2
cii · payment.bic missing from json,cii|payment.bic|json,payment.bic,BT-86,BG-17,Payment service provider identifier,0..1,cii,json,/payments/{i}/instruction/payment_service_provider,model BT-86; json —; xml mapped,The bank details only travel inside a CREDIT_TRANSFER instruction,Unobserved: no transmission capture exists for UN/CEFACT CII (Factur-X / ZUGFeRD EN 16931); the evidence in docs/reference/fatturapa/ covers the FatturaPA path only.,DE_EI: applicable,should-fix,structural · uapi-map.UAPI_PARTIAL_FIELDS · R2
cii · payment.iban missing from json,cii|payment.iban|json,payment.iban,BT-84,BG-17,Payment account identifier,1..1,cii,json,/payments/{i}/instruction/account,model BT-84; json —; xml mapped,The bank details only travel inside a CREDIT_TRANSFER instruction,Unobserved: no transmission capture exists for UN/CEFACT CII (Factur-X / ZUGFeRD EN 16931); the evidence in docs/reference/fatturapa/ covers the FatturaPA path only.,DE_EI: applicable,should-fix,structural · uapi-map.UAPI_PARTIAL_FIELDS · R2
cii · references.invoicedObject missing from json,cii|references.invoicedObject|json,references.invoicedObject,BT-18,BG-0,Invoiced object identifier,0..1,cii,json,BT-18,model BT-18; json —; xml mapped,"document.references carries neither BT-14 nor BT-18, and despatch_advice is a bare number without BT-16's date",Unobserved: no transmission capture exists for UN/CEFACT CII (Factur-X / ZUGFeRD EN 16931); the evidence in docs/reference/fatturapa/ covers the FatturaPA path only.,,should-fix,structural · uapi-map.UAPI_LOSSY_FIELDS · R2
cii · references.salesOrder missing from json,cii|references.salesOrder|json,references.salesOrder,BT-14,BG-0,Sales order reference,0..1,cii,json,BT-14,model BT-14; json —; xml mapped,"document.references carries neither BT-14 nor BT-18, and despatch_advice is a bare number without BT-16's date",Unobserved: no transmission capture exists for UN/CEFACT CII (Factur-X / ZUGFeRD EN 16931); the evidence in docs/reference/fatturapa/ covers the FatturaPA path only.,,should-fix,structural · uapi-map.UAPI_LOSSY_FIELDS · R2
cii · seller.address.city missing from json,cii|seller.address.city|json,seller.address.city,BT-37,BG-5,Seller city,0..1,cii,json,BT-37,model BT-37; json —; xml mapped,The seller (BG-4) comes from the taxpayer resource; the operation carries only the contact point (BG-6),"Derived: fiskaly fills this from Taxpayer /address/city — provided when the account is onboarded (POST /taxpayers, system commissioning), not per invoice.",,note,structural · uapi-map.UAPI_LOSSY_FIELDS · R4
cii · seller.address.country missing from json,cii|seller.address.country|json,seller.address.country,BT-40,BG-5,Seller country code,1..1,cii,json,BT-40,model BT-40; json —; xml mapped,The seller (BG-4) comes from the taxpayer resource; the operation carries only the contact point (BG-6),"Derived: fiskaly fills this from Taxpayer /address/country — provided when the account is onboarded (POST /taxpayers, system commissioning), not per invoice.",,note,structural · uapi-map.UAPI_LOSSY_FIELDS · R4
cii · seller.address.number missing from json,cii|seller.address.number|json,seller.address.number,BT-36,BG-5,Seller address line 2,0..1,cii,json,BT-36,model BT-36; json —; xml mapped,The seller (BG-4) comes from the taxpayer resource; the operation carries only the contact point (BG-6),"Derived: fiskaly fills this from Taxpayer /address/line — provided when the account is onboarded (POST /taxpayers, system commissioning), not per invoice.",,note,structural · uapi-map.UAPI_LOSSY_FIELDS · R4
cii · seller.address.postCode missing from json,cii|seller.address.postCode|json,seller.address.postCode,BT-38,BG-5,Seller post code,0..1,cii,json,BT-38,model BT-38; json —; xml mapped,The seller (BG-4) comes from the taxpayer resource; the operation carries only the contact point (BG-6),"Derived: fiskaly fills this from Taxpayer /address/code — provided when the account is onboarded (POST /taxpayers, system commissioning), not per invoice.",,note,structural · uapi-map.UAPI_LOSSY_FIELDS · R4
cii · seller.address.region missing from json,cii|seller.address.region|json,seller.address.region,BT-39,BG-5,Seller country subdivision,0..1,cii,json,BT-39,model BT-39; json —; xml mapped,The seller (BG-4) comes from the taxpayer resource; the operation carries only the contact point (BG-6),"Derived: fiskaly fills this from Taxpayer /address/region — provided when the account is onboarded (POST /taxpayers, system commissioning), not per invoice.",,note,structural · uapi-map.UAPI_LOSSY_FIELDS · R4
cii · seller.address.street missing from json,cii|seller.address.street|json,seller.address.street,BT-35,BG-5,Seller address line 1,0..1,cii,json,BT-35,model BT-35; json —; xml mapped,The seller (BG-4) comes from the taxpayer resource; the operation carries only the contact point (BG-6),"Derived: fiskaly fills this from Taxpayer /address/line — provided when the account is onboarded (POST /taxpayers, system commissioning), not per invoice.",,note,structural · uapi-map.UAPI_LOSSY_FIELDS · R4
cii · seller.electronicAddress.id missing from json,cii|seller.electronicAddress.id|json,seller.electronicAddress.id,BT-34,BG-4,Seller electronic address,1..1,cii,json,BT-34,model BT-34; json —; xml mapped,The seller (BG-4) comes from the taxpayer resource; the operation carries only the contact point (BG-6),"Derived: fiskaly fills this from System::E_INVOICE_SERVICE annotations.peppol_id (Peppol registration) — provided when the account is onboarded (POST /taxpayers, system commissioning), not per invoice.",,note,structural · uapi-map.UAPI_LOSSY_FIELDS · R4
cii · seller.electronicAddress.scheme missing from json,cii|seller.electronicAddress.scheme|json,seller.electronicAddress.scheme,,,,,cii,json,seller.electronicAddress.scheme,model Electronic address scheme; json —; xml mapped,The seller (BG-4) comes from the taxpayer resource; the operation carries only the contact point (BG-6),"Derived: fiskaly fills this from System::E_INVOICE_SERVICE annotations.peppol_id (Peppol registration) — provided when the account is onboarded (POST /taxpayers, system commissioning), not per invoice.",,note,structural · uapi-map.UAPI_LOSSY_FIELDS · R4
cii · seller.legalRegId missing from json,cii|seller.legalRegId|json,seller.legalRegId,BT-30,BG-4,Seller legal registration identifier,0..1,cii,json,BT-30,model BT-30; json —; xml mapped,The seller (BG-4) comes from the taxpayer resource; the operation carries only the contact point (BG-6),Unobserved: no transmission capture exists for UN/CEFACT CII (Factur-X / ZUGFeRD EN 16931); the evidence in docs/reference/fatturapa/ covers the FatturaPA path only.,,should-fix,structural · uapi-map.UAPI_LOSSY_FIELDS · R2
cii · seller.legalRegScheme missing from json,cii|seller.legalRegScheme|json,seller.legalRegScheme,,,,,cii,json,seller.legalRegScheme,model Legal registration scheme; json —; xml mapped,The seller (BG-4) comes from the taxpayer resource; the operation carries only the contact point (BG-6),Unobserved: no transmission capture exists for UN/CEFACT CII (Factur-X / ZUGFeRD EN 16931); the evidence in docs/reference/fatturapa/ covers the FatturaPA path only.,,should-fix,structural · uapi-map.UAPI_LOSSY_FIELDS · R2
cii · seller.name missing from json,cii|seller.name|json,seller.name,BT-27,BG-4,Seller name,1..1,cii,json,BT-27,model BT-27; json —; xml mapped,The seller (BG-4) comes from the taxpayer resource; the operation carries only the contact point (BG-6),"Derived: fiskaly fills this from Taxpayer /name/legal — provided when the account is onboarded (POST /taxpayers, system commissioning), not per invoice.",,note,structural · uapi-map.UAPI_LOSSY_FIELDS · R4
cii · seller.taxId missing from json,cii|seller.taxId|json,seller.taxId,BT-32,BG-4,Seller tax registration identifier,0..1,cii,json,BT-32,model BT-32; json —; xml mapped,The seller (BG-4) comes from the taxpayer resource; the operation carries only the contact point (BG-6),"Derived: fiskaly fills this from Taxpayer /fiscalization/tax_id_number — provided when the account is onboarded (POST /taxpayers, system commissioning), not per invoice.",,note,structural · uapi-map.UAPI_LOSSY_FIELDS · R4
cii · seller.tradeName missing from json,cii|seller.tradeName|json,seller.tradeName,BT-28,BG-4,Seller trading name,0..1,cii,json,BT-28,model BT-28; json —; xml mapped,The seller (BG-4) comes from the taxpayer resource; the operation carries only the contact point (BG-6),"Derived: fiskaly fills this from Taxpayer /name/trade — provided when the account is onboarded (POST /taxpayers, system commissioning), not per invoice.",,note,structural · uapi-map.UAPI_LOSSY_FIELDS · R4
cii · seller.vatId missing from json,cii|seller.vatId|json,seller.vatId,BT-31,BG-4,Seller VAT identifier,0..1,cii,json,BT-31,model BT-31; json —; xml mapped,The seller (BG-4) comes from the taxpayer resource; the operation carries only the contact point (BG-6),"Derived: fiskaly fills this from Taxpayer /fiscalization/vat_id_number — provided when the account is onboarded (POST /taxpayers, system commissioning), not per invoice.",,note,structural · uapi-map.UAPI_LOSSY_FIELDS · R4
cii · totals.allowance missing from json,cii|totals.allowance|json,totals.allowance,BT-107,BG-22,Sum of allowances on document level,0..1,cii,json,BT-107,model BT-107; json —; xml mapped,totals.vat is a three-value VAT summary; the EN 16931 document-level sums and adjustments are not carried,Unobserved: no transmission capture exists for UN/CEFACT CII (Factur-X / ZUGFeRD EN 16931); the evidence in docs/reference/fatturapa/ covers the FatturaPA path only.,,should-fix,structural · uapi-map.UAPI_LOSSY_FIELDS · R2
cii · totals.charge missing from json,cii|totals.charge|json,totals.charge,BT-108,BG-22,Sum of charges on document level,0..1,cii,json,BT-108,model BT-108; json —; xml mapped,totals.vat is a three-value VAT summary; the EN 16931 document-level sums and adjustments are not carried,Unobserved: no transmission capture exists for UN/CEFACT CII (Factur-X / ZUGFeRD EN 16931); the evidence in docs/reference/fatturapa/ covers the FatturaPA path only.,,should-fix,structural · uapi-map.UAPI_LOSSY_FIELDS · R2
cii · totals.lineExtension missing from json,cii|totals.lineExtension|json,totals.lineExtension,BT-106,BG-22,Sum of Invoice line net amount,1..1,cii,json,BT-106,model BT-106; json —; xml mapped,totals.vat is a three-value VAT summary; the EN 16931 document-level sums and adjustments are not carried,Unobserved: no transmission capture exists for UN/CEFACT CII (Factur-X / ZUGFeRD EN 16931); the evidence in docs/reference/fatturapa/ covers the FatturaPA path only.,,should-fix,structural · uapi-map.UAPI_LOSSY_FIELDS · R2
cii · totals.prepaid missing from json,cii|totals.prepaid|json,totals.prepaid,BT-113,BG-22,Paid amount,0..1,cii,json,BT-113,model BT-113; json —; xml mapped,totals.vat is a three-value VAT summary; the EN 16931 document-level sums and adjustments are not carried,Unobserved: no transmission capture exists for UN/CEFACT CII (Factur-X / ZUGFeRD EN 16931); the evidence in docs/reference/fatturapa/ covers the FatturaPA path only.,,should-fix,structural · uapi-map.UAPI_LOSSY_FIELDS · R2
cii · totals.rounding missing from json,cii|totals.rounding|json,totals.rounding,BT-114,BG-22,Rounding amount,0..1,cii,json,BT-114,model BT-114; json —; xml mapped,totals.vat is a three-value VAT summary; the EN 16931 document-level sums and adjustments are not carried,Unobserved: no transmission capture exists for UN/CEFACT CII (Factur-X / ZUGFeRD EN 16931); the evidence in docs/reference/fatturapa/ covers the FatturaPA path only.,,should-fix,structural · uapi-map.UAPI_LOSSY_FIELDS · R2
cii · typeCode missing from json,cii|typeCode|json,typeCode,BT-3,BG-0,Invoice type code,1..1,cii,json,BT-3,model BT-3; json —; xml mapped,BT-3 is derived by fiskaly; the operation only distinguishes INVOICE from CORRECTION,Unobserved: no transmission capture exists for UN/CEFACT CII (Factur-X / ZUGFeRD EN 16931); the evidence in docs/reference/fatturapa/ covers the FatturaPA path only.,,should-fix,structural · uapi-map.UAPI_LOSSY_FIELDS · R2
cii · vatBreakdown.{i}.rate missing from json,cii|vatBreakdown.{i}.rate|json,vatBreakdown.{i}.rate,BT-119,BG-23,VAT category rate,1..1,cii,json,/breakdown/{i}/percentage,model BT-119; json —; xml mapped,Only a VAT_RATE row has a percentage; an exemption or reverse-charge row carries none,Unobserved: no transmission capture exists for UN/CEFACT CII (Factur-X / ZUGFeRD EN 16931); the evidence in docs/reference/fatturapa/ covers the FatturaPA path only.,,should-fix,structural · uapi-map.UAPI_PARTIAL_FIELDS · R2
cii · vatBreakdown.{i}.vatexCode missing from json,cii|vatBreakdown.{i}.vatexCode|json,vatBreakdown.{i}.vatexCode,BT-121,BG-23,VAT exemption reason code,0..1,cii,json,BT-121,model BT-121; json —; xml mapped,rateCode/exemptionCode are many-to-one: the SystemVatRateCode and SystemVatExemptionCode enums cannot express Natura or a VATEX code,Unobserved: no transmission capture exists for UN/CEFACT CII (Factur-X / ZUGFeRD EN 16931); the evidence in docs/reference/fatturapa/ covers the FatturaPA path only.,,should-fix,structural · uapi-map.UAPI_LOSSY_FIELDS · R2
cii · buyer.channel.codiceDestinatario missing from xml,cii|buyer.channel.codiceDestinatario|xml,buyer.channel.codiceDestinatario,,,,,cii,xml,buyer.channel.codiceDestinatario,model SDI destination code; json /recipients/{i}/invoicing/destination_code; xml —,The format's mapping table carries no row for this field,Unobserved: no transmission capture exists for UN/CEFACT CII (Factur-X / ZUGFeRD EN 16931); the evidence in docs/reference/fatturapa/ covers the FatturaPA path only.,DE_EI: applicable,note,structural · cii-map.ts · R3
cii · buyer.channel.email missing from xml,cii|buyer.channel.email|xml,buyer.channel.email,,,,,cii,xml,buyer.channel.email,model Recipient email address; json /recipients/{i}/invoicing/email; xml —,The format's mapping table carries no row for this field,Unobserved: no transmission capture exists for UN/CEFACT CII (Factur-X / ZUGFeRD EN 16931); the evidence in docs/reference/fatturapa/ covers the FatturaPA path only.,,note,structural · cii-map.ts · R3
cii · buyer.channel.format missing from xml,cii|buyer.channel.format|xml,buyer.channel.format,,,,,cii,xml,buyer.channel.format,model Email attachment format; json /recipients/{i}/invoicing/format; xml —,The format's mapping table carries no row for this field,Unobserved: no transmission capture exists for UN/CEFACT CII (Factur-X / ZUGFeRD EN 16931); the evidence in docs/reference/fatturapa/ covers the FatturaPA path only.,DE_EI: applicable,note,structural · cii-map.ts · R3
cii · buyer.channel.participantId missing from xml,cii|buyer.channel.participantId|xml,buyer.channel.participantId,,,,,cii,xml,buyer.channel.participantId,model Peppol participant identifier; json /recipients/{i}/invoicing/identifier; xml —,The format's mapping table carries no row for this field,Unobserved: no transmission capture exists for UN/CEFACT CII (Factur-X / ZUGFeRD EN 16931); the evidence in docs/reference/fatturapa/ covers the FatturaPA path only.,DE_EI: applicable,note,structural · cii-map.ts · R3
cii · buyer.channel.pec missing from xml,cii|buyer.channel.pec|xml,buyer.channel.pec,,,,,cii,xml,buyer.channel.pec,model Recipient PEC address; json /recipients/{i}/invoicing/pec; xml —,The format's mapping table carries no row for this field,Unobserved: no transmission capture exists for UN/CEFACT CII (Factur-X / ZUGFeRD EN 16931); the evidence in docs/reference/fatturapa/ covers the FatturaPA path only.,,note,structural · cii-map.ts · R3
cii · buyer.person.forename missing from xml,cii|buyer.person.forename|xml,buyer.person.forename,,,,,cii,xml,buyer.person.forename,model Forename; json —; xml —,The format's mapping table carries no row for this field,Unobserved: no transmission capture exists for UN/CEFACT CII (Factur-X / ZUGFeRD EN 16931); the evidence in docs/reference/fatturapa/ covers the FatturaPA path only.,,note,structural · cii-map.ts · R3
cii · buyer.person.gender missing from xml,cii|buyer.person.gender|xml,buyer.person.gender,,,,,cii,xml,buyer.person.gender,model Gender; json —; xml —,The format's mapping table carries no row for this field,Unobserved: no transmission capture exists for UN/CEFACT CII (Factur-X / ZUGFeRD EN 16931); the evidence in docs/reference/fatturapa/ covers the FatturaPA path only.,,note,structural · cii-map.ts · R3
cii · buyer.person.surname missing from xml,cii|buyer.person.surname|xml,buyer.person.surname,,,,,cii,xml,buyer.person.surname,model Surname; json —; xml —,The format's mapping table carries no row for this field,Unobserved: no transmission capture exists for UN/CEFACT CII (Factur-X / ZUGFeRD EN 16931); the evidence in docs/reference/fatturapa/ covers the FatturaPA path only.,,note,structural · cii-map.ts · R3
cii · buyer.taxId missing from xml,cii|buyer.taxId|xml,buyer.taxId,,,,,cii,xml,buyer.taxId,model Tax registration identifier (codice fiscale); json —; xml —,The format's mapping table carries no row for this field,Unobserved: no transmission capture exists for UN/CEFACT CII (Factur-X / ZUGFeRD EN 16931); the evidence in docs/reference/fatturapa/ covers the FatturaPA path only.,,note,structural · cii-map.ts · R3
cii · delivery.date missing from xml,cii|delivery.date|xml,delivery.date,BT-72,BG-13,Actual delivery date,0..1,cii,xml,BT-72,model BT-72; json —; xml —,The format's mapping table carries no row for this field,Unobserved: no transmission capture exists for UN/CEFACT CII (Factur-X / ZUGFeRD EN 16931); the evidence in docs/reference/fatturapa/ covers the FatturaPA path only.,DE_EI: applicable,note,structural · cii-map.ts · R3
cii · it.bollo.amount missing from xml,cii|it.bollo.amount|xml,it.bollo.amount,,,,,cii,xml,it.bollo.amount,model Stamp duty amount; json —; xml —,The format's mapping table carries no row for this field,Unobserved: no transmission capture exists for UN/CEFACT CII (Factur-X / ZUGFeRD EN 16931); the evidence in docs/reference/fatturapa/ covers the FatturaPA path only.,,note,structural · cii-map.ts · R3
cii · it.bollo.virtuale missing from xml,cii|it.bollo.virtuale|xml,it.bollo.virtuale,,,,,cii,xml,it.bollo.virtuale,model Virtual stamp duty indicator; json —; xml —,The format's mapping table carries no row for this field,Unobserved: no transmission capture exists for UN/CEFACT CII (Factur-X / ZUGFeRD EN 16931); the evidence in docs/reference/fatturapa/ covers the FatturaPA path only.,,note,structural · cii-map.ts · R3
cii · it.cig missing from xml,cii|it.cig|xml,it.cig,,,,,cii,xml,it.cig,model CIG - codice identificativo gara; json —; xml —,The format's mapping table carries no row for this field,Unobserved: no transmission capture exists for UN/CEFACT CII (Factur-X / ZUGFeRD EN 16931); the evidence in docs/reference/fatturapa/ covers the FatturaPA path only.,,note,structural · cii-map.ts · R3
cii · it.cup missing from xml,cii|it.cup|xml,it.cup,,,,,cii,xml,it.cup,model CUP - codice unico di progetto; json —; xml —,The format's mapping table carries no row for this field,Unobserved: no transmission capture exists for UN/CEFACT CII (Factur-X / ZUGFeRD EN 16931); the evidence in docs/reference/fatturapa/ covers the FatturaPA path only.,,note,structural · cii-map.ts · R3
cii · lines.{i}.it.altriDatiGestionali.riferimentoData missing from xml,cii|lines.{i}.it.altriDatiGestionali.riferimentoData|xml,lines.{i}.it.altriDatiGestionali.riferimentoData,,,,,cii,xml,lines.{i}.it.altriDatiGestionali.riferimentoData,model Management data date (FatturaPA); json —; xml —,The format's mapping table carries no row for this field,Unobserved: no transmission capture exists for UN/CEFACT CII (Factur-X / ZUGFeRD EN 16931); the evidence in docs/reference/fatturapa/ covers the FatturaPA path only.,,note,structural · cii-map.ts · R3
cii · lines.{i}.it.altriDatiGestionali.riferimentoNumero missing from xml,cii|lines.{i}.it.altriDatiGestionali.riferimentoNumero|xml,lines.{i}.it.altriDatiGestionali.riferimentoNumero,,,,,cii,xml,lines.{i}.it.altriDatiGestionali.riferimentoNumero,model Management data number (FatturaPA); json —; xml —,The format's mapping table carries no row for this field,Unobserved: no transmission capture exists for UN/CEFACT CII (Factur-X / ZUGFeRD EN 16931); the evidence in docs/reference/fatturapa/ covers the FatturaPA path only.,,note,structural · cii-map.ts · R3
cii · lines.{i}.it.altriDatiGestionali.riferimentoTesto missing from xml,cii|lines.{i}.it.altriDatiGestionali.riferimentoTesto|xml,lines.{i}.it.altriDatiGestionali.riferimentoTesto,,,,,cii,xml,lines.{i}.it.altriDatiGestionali.riferimentoTesto,model Management data text (FatturaPA); json —; xml —,The format's mapping table carries no row for this field,Unobserved: no transmission capture exists for UN/CEFACT CII (Factur-X / ZUGFeRD EN 16931); the evidence in docs/reference/fatturapa/ covers the FatturaPA path only.,,note,structural · cii-map.ts · R3
cii · lines.{i}.it.altriDatiGestionali.tipoDato missing from xml,cii|lines.{i}.it.altriDatiGestionali.tipoDato|xml,lines.{i}.it.altriDatiGestionali.tipoDato,,,,,cii,xml,lines.{i}.it.altriDatiGestionali.tipoDato,model Management data type (FatturaPA); json —; xml —,The format's mapping table carries no row for this field,Unobserved: no transmission capture exists for UN/CEFACT CII (Factur-X / ZUGFeRD EN 16931); the evidence in docs/reference/fatturapa/ covers the FatturaPA path only.,,note,structural · cii-map.ts · R3
cii · lines.{i}.vat.natura missing from xml,cii|lines.{i}.vat.natura|xml,lines.{i}.vat.natura,,,,,cii,xml,lines.{i}.vat.natura,model Line natura (FatturaPA); json —; xml —,The format's mapping table carries no row for this field,Unobserved: no transmission capture exists for UN/CEFACT CII (Factur-X / ZUGFeRD EN 16931); the evidence in docs/reference/fatturapa/ covers the FatturaPA path only.,,note,structural · cii-map.ts · R3
cii · lines.{i}.vat.reason missing from xml,cii|lines.{i}.vat.reason|xml,lines.{i}.vat.reason,,,,,cii,xml,lines.{i}.vat.reason,model Line VAT exemption reason text; json /entries/{i}/data/vat/reason; xml —,The format's mapping table carries no row for this field,Unobserved: no transmission capture exists for UN/CEFACT CII (Factur-X / ZUGFeRD EN 16931); the evidence in docs/reference/fatturapa/ covers the FatturaPA path only.,DE_EI: applicable,note,structural · cii-map.ts · R3
cii · lines.{i}.vat.vatexCode missing from xml,cii|lines.{i}.vat.vatexCode|xml,lines.{i}.vat.vatexCode,,,,,cii,xml,lines.{i}.vat.vatexCode,model Line VAT exemption reason code; json —; xml —,The format's mapping table carries no row for this field,Unobserved: no transmission capture exists for UN/CEFACT CII (Factur-X / ZUGFeRD EN 16931); the evidence in docs/reference/fatturapa/ covers the FatturaPA path only.,,note,structural · cii-map.ts · R3
cii · payment.conditions missing from xml,cii|payment.conditions|xml,payment.conditions,,,,,cii,xml,payment.conditions,model Payment conditions (CondizioniPagamento); json —; xml —,The format's mapping table carries no row for this field,Unobserved: no transmission capture exists for UN/CEFACT CII (Factur-X / ZUGFeRD EN 16931); the evidence in docs/reference/fatturapa/ covers the FatturaPA path only.,,note,structural · cii-map.ts · R3
cii · payment.italianMeansCode missing from xml,cii|payment.italianMeansCode|xml,payment.italianMeansCode,,,,,cii,xml,payment.italianMeansCode,model Payment means (ModalitaPagamento); json —; xml —,The format's mapping table carries no row for this field,Unobserved: no transmission capture exists for UN/CEFACT CII (Factur-X / ZUGFeRD EN 16931); the evidence in docs/reference/fatturapa/ covers the FatturaPA path only.,,note,structural · cii-map.ts · R3
cii · references.despatchAdvice.issueDate missing from xml,cii|references.despatchAdvice.issueDate|xml,references.despatchAdvice.issueDate,,,,,cii,xml,references.despatchAdvice.issueDate,model Despatch advice date; json —; xml —,The format's mapping table carries no row for this field,Unobserved: no transmission capture exists for UN/CEFACT CII (Factur-X / ZUGFeRD EN 16931); the evidence in docs/reference/fatturapa/ covers the FatturaPA path only.,,note,structural · cii-map.ts · R3
cii · seller.it.rea.capital missing from xml,cii|seller.it.rea.capital|xml,seller.it.rea.capital,,,,,cii,xml,seller.it.rea.capital,model Share capital; json —; xml —,The format's mapping table carries no row for this field,Unobserved: no transmission capture exists for UN/CEFACT CII (Factur-X / ZUGFeRD EN 16931); the evidence in docs/reference/fatturapa/ covers the FatturaPA path only.,,note,structural · cii-map.ts · R3
cii · seller.it.rea.liquidation missing from xml,cii|seller.it.rea.liquidation|xml,seller.it.rea.liquidation,,,,,cii,xml,seller.it.rea.liquidation,model Liquidation status; json —; xml —,The format's mapping table carries no row for this field,Unobserved: no transmission capture exists for UN/CEFACT CII (Factur-X / ZUGFeRD EN 16931); the evidence in docs/reference/fatturapa/ covers the FatturaPA path only.,,note,structural · cii-map.ts · R3
cii · seller.it.rea.number missing from xml,cii|seller.it.rea.number|xml,seller.it.rea.number,,,,,cii,xml,seller.it.rea.number,model REA registration number; json —; xml —,The format's mapping table carries no row for this field,Unobserved: no transmission capture exists for UN/CEFACT CII (Factur-X / ZUGFeRD EN 16931); the evidence in docs/reference/fatturapa/ covers the FatturaPA path only.,,note,structural · cii-map.ts · R3
cii · seller.it.rea.office missing from xml,cii|seller.it.rea.office|xml,seller.it.rea.office,,,,,cii,xml,seller.it.rea.office,model REA registration office; json —; xml —,The format's mapping table carries no row for this field,Unobserved: no transmission capture exists for UN/CEFACT CII (Factur-X / ZUGFeRD EN 16931); the evidence in docs/reference/fatturapa/ covers the FatturaPA path only.,,note,structural · cii-map.ts · R3
cii · seller.it.rea.soleShareholder missing from xml,cii|seller.it.rea.soleShareholder|xml,seller.it.rea.soleShareholder,,,,,cii,xml,seller.it.rea.soleShareholder,model Sole shareholder indicator; json —; xml —,The format's mapping table carries no row for this field,Unobserved: no transmission capture exists for UN/CEFACT CII (Factur-X / ZUGFeRD EN 16931); the evidence in docs/reference/fatturapa/ covers the FatturaPA path only.,,note,structural · cii-map.ts · R3
cii · seller.it.regimeFiscale missing from xml,cii|seller.it.regimeFiscale|xml,seller.it.regimeFiscale,,,,,cii,xml,seller.it.regimeFiscale,model Tax regime (RegimeFiscale); json —; xml —,The format's mapping table carries no row for this field,Unobserved: no transmission capture exists for UN/CEFACT CII (Factur-X / ZUGFeRD EN 16931); the evidence in docs/reference/fatturapa/ covers the FatturaPA path only.,,note,structural · cii-map.ts · R3
cii · seller.person.forename missing from xml,cii|seller.person.forename|xml,seller.person.forename,,,,,cii,xml,seller.person.forename,model Forename; json —; xml —,The format's mapping table carries no row for this field,Unobserved: no transmission capture exists for UN/CEFACT CII (Factur-X / ZUGFeRD EN 16931); the evidence in docs/reference/fatturapa/ covers the FatturaPA path only.,,note,structural · cii-map.ts · R3
cii · seller.person.gender missing from xml,cii|seller.person.gender|xml,seller.person.gender,,,,,cii,xml,seller.person.gender,model Gender; json —; xml —,The format's mapping table carries no row for this field,Unobserved: no transmission capture exists for UN/CEFACT CII (Factur-X / ZUGFeRD EN 16931); the evidence in docs/reference/fatturapa/ covers the FatturaPA path only.,,note,structural · cii-map.ts · R3
cii · seller.person.surname missing from xml,cii|seller.person.surname|xml,seller.person.surname,,,,,cii,xml,seller.person.surname,model Surname; json —; xml —,The format's mapping table carries no row for this field,Unobserved: no transmission capture exists for UN/CEFACT CII (Factur-X / ZUGFeRD EN 16931); the evidence in docs/reference/fatturapa/ covers the FatturaPA path only.,,note,structural · cii-map.ts · R3
cii · vatBreakdown.{i}.esigibilita missing from xml,cii|vatBreakdown.{i}.esigibilita|xml,vatBreakdown.{i}.esigibilita,,,,,cii,xml,vatBreakdown.{i}.esigibilita,model Esigibilita IVA (FatturaPA); json —; xml —,The format's mapping table carries no row for this field,Unobserved: no transmission capture exists for UN/CEFACT CII (Factur-X / ZUGFeRD EN 16931); the evidence in docs/reference/fatturapa/ covers the FatturaPA path only.,,note,structural · cii-map.ts · R3
cii · vatBreakdown.{i}.natura missing from xml,cii|vatBreakdown.{i}.natura|xml,vatBreakdown.{i}.natura,,,,,cii,xml,vatBreakdown.{i}.natura,model Natura (FatturaPA); json —; xml —,The format's mapping table carries no row for this field,Unobserved: no transmission capture exists for UN/CEFACT CII (Factur-X / ZUGFeRD EN 16931); the evidence in docs/reference/fatturapa/ covers the FatturaPA path only.,,note,structural · cii-map.ts · R3
fatturapa · /details/creators/{i}/label missing from model,operation|/details/creators/{i}/label|model,,,,,,fatturapa,model,/details/creators/{i}/label,model —; json /details/creators/{i}/label; xml —,The operation accepts this pointer but no model field addresses it,,IT_EI: applicable; BE_EI: applicable; DE_EI: applicable,should-fix,spec · fiskaly.unified-api.all.2026-06-01.yaml · R2
fatturapa · /details/creators/{i}/name/forename missing from model,operation|/details/creators/{i}/name/forename|model,,,,,,fatturapa,model,/details/creators/{i}/name/forename,model —; json /details/creators/{i}/name/forename; xml —,The operation accepts this pointer but no model field addresses it,,IT_EI: applicable; BE_EI: applicable; DE_EI: applicable,should-fix,spec · fiskaly.unified-api.all.2026-06-01.yaml · R2
fatturapa · /details/creators/{i}/name/gender missing from model,operation|/details/creators/{i}/name/gender|model,,,,,,fatturapa,model,/details/creators/{i}/name/gender,model —; json /details/creators/{i}/name/gender; xml —,The operation accepts this pointer but no model field addresses it,,IT_EI: applicable; BE_EI: applicable; DE_EI: applicable,should-fix,spec · fiskaly.unified-api.all.2026-06-01.yaml · R2
fatturapa · /details/creators/{i}/name/infix missing from model,operation|/details/creators/{i}/name/infix|model,,,,,,fatturapa,model,/details/creators/{i}/name/infix,model —; json /details/creators/{i}/name/infix; xml —,The operation accepts this pointer but no model field addresses it,,IT_EI: applicable; BE_EI: applicable; DE_EI: applicable,note,spec · fiskaly.unified-api.all.2026-06-01.yaml · R3
fatturapa · /details/creators/{i}/name/prefix missing from model,operation|/details/creators/{i}/name/prefix|model,,,,,,fatturapa,model,/details/creators/{i}/name/prefix,model —; json /details/creators/{i}/name/prefix; xml —,The operation accepts this pointer but no model field addresses it,,IT_EI: applicable; BE_EI: applicable; DE_EI: applicable,note,spec · fiskaly.unified-api.all.2026-06-01.yaml · R3
fatturapa · /details/creators/{i}/name/suffix missing from model,operation|/details/creators/{i}/name/suffix|model,,,,,,fatturapa,model,/details/creators/{i}/name/suffix,model —; json /details/creators/{i}/name/suffix; xml —,The operation accepts this pointer but no model field addresses it,,IT_EI: applicable; BE_EI: applicable; DE_EI: applicable,note,spec · fiskaly.unified-api.all.2026-06-01.yaml · R3
fatturapa · /details/creators/{i}/name/surname missing from model,operation|/details/creators/{i}/name/surname|model,,,,,,fatturapa,model,/details/creators/{i}/name/surname,model —; json /details/creators/{i}/name/surname; xml —,The operation accepts this pointer but no model field addresses it,,IT_EI: applicable; BE_EI: applicable; DE_EI: applicable,should-fix,spec · fiskaly.unified-api.all.2026-06-01.yaml · R2
fatturapa · /details/creators/{i}/type missing from model,operation|/details/creators/{i}/type|model,,,,,,fatturapa,model,/details/creators/{i}/type,model —; json /details/creators/{i}/type; xml —,The operation accepts this pointer but no model field addresses it,,IT_EI: applicable; BE_EI: applicable; DE_EI: applicable,should-fix,spec · fiskaly.unified-api.all.2026-06-01.yaml · R2
fatturapa · /details/properties missing from model,operation|/details/properties|model,,,,,,fatturapa,model,/details/properties,model —; json /details/properties; xml —,The operation accepts this pointer but no model field addresses it,,IT_EI: applicable; BE_EI: applicable; DE_EI: applicable,note,spec · fiskaly.unified-api.all.2026-06-01.yaml · R3
fatturapa · /details/training missing from model,operation|/details/training|model,,,,,,fatturapa,model,/details/training,model —; json /details/training; xml —,The operation accepts this pointer but no model field addresses it,,IT_EI: applicable; BE_EI: applicable; DE_EI: applicable,note,spec · fiskaly.unified-api.all.2026-06-01.yaml · R3
fatturapa · /entries/{i}/data/product/details/batch missing from model,operation|/entries/{i}/data/product/details/batch|model,,,,,,fatturapa,model,/entries/{i}/data/product/details/batch,model —; json /entries/{i}/data/product/details/batch; xml —,The operation accepts this pointer but no model field addresses it,"discarded: Accepted by the schema, then thrown away by the FatturaPA generator; no product details reach the XML.",IT_EI: applicable; BE_EI: applicable; DE_EI: applicable,note,spec · fiskaly.unified-api.all.2026-06-01.yaml · R3
fatturapa · /entries/{i}/data/product/details/brand missing from model,operation|/entries/{i}/data/product/details/brand|model,,,,,,fatturapa,model,/entries/{i}/data/product/details/brand,model —; json /entries/{i}/data/product/details/brand; xml —,The operation accepts this pointer but no model field addresses it,"discarded: Accepted by the schema, then thrown away by the FatturaPA generator; no product details reach the XML.",IT_EI: applicable; BE_EI: applicable; DE_EI: applicable,note,spec · fiskaly.unified-api.all.2026-06-01.yaml · R3
fatturapa · /entries/{i}/data/product/details/date_of_entry missing from model,operation|/entries/{i}/data/product/details/date_of_entry|model,,,,,,fatturapa,model,/entries/{i}/data/product/details/date_of_entry,model —; json /entries/{i}/data/product/details/date_of_entry; xml —,The operation accepts this pointer but no model field addresses it,"discarded: Accepted by the schema, then thrown away by the FatturaPA generator; no product details reach the XML.",IT_EI: applicable; BE_EI: applicable; DE_EI: applicable,note,spec · fiskaly.unified-api.all.2026-06-01.yaml · R3
fatturapa · /entries/{i}/data/product/details/date_of_production missing from model,operation|/entries/{i}/data/product/details/date_of_production|model,,,,,,fatturapa,model,/entries/{i}/data/product/details/date_of_production,model —; json /entries/{i}/data/product/details/date_of_production; xml —,The operation accepts this pointer but no model field addresses it,"discarded: Accepted by the schema, then thrown away by the FatturaPA generator; no product details reach the XML.",IT_EI: applicable; BE_EI: applicable; DE_EI: applicable,note,spec · fiskaly.unified-api.all.2026-06-01.yaml · R3
fatturapa · /entries/{i}/data/product/details/label missing from model,operation|/entries/{i}/data/product/details/label|model,,BT-154,BG-31,Item description,0..1,fatturapa,model,/entries/{i}/data/product/details/label,model —; json /entries/{i}/data/product/details/label; xml —,The operation accepts this pointer but no model field addresses it,"discarded: Accepted by the schema, then thrown away by the FatturaPA generator; no product details reach the XML.",IT_EI: applicable; BE_EI: applicable; DE_EI: applicable,note,spec · fiskaly.unified-api.all.2026-06-01.yaml · R3
fatturapa · /entries/{i}/data/product/details/model missing from model,operation|/entries/{i}/data/product/details/model|model,,,,,,fatturapa,model,/entries/{i}/data/product/details/model,model —; json /entries/{i}/data/product/details/model; xml —,The operation accepts this pointer but no model field addresses it,"discarded: Accepted by the schema, then thrown away by the FatturaPA generator; no product details reach the XML.",IT_EI: applicable; BE_EI: applicable; DE_EI: applicable,note,spec · fiskaly.unified-api.all.2026-06-01.yaml · R3
fatturapa · /entries/{i}/data/product/details/serial missing from model,operation|/entries/{i}/data/product/details/serial|model,,,,,,fatturapa,model,/entries/{i}/data/product/details/serial,model —; json /entries/{i}/data/product/details/serial; xml —,The operation accepts this pointer but no model field addresses it,"discarded: Accepted by the schema, then thrown away by the FatturaPA generator; no product details reach the XML.",IT_EI: applicable; BE_EI: applicable; DE_EI: applicable,note,spec · fiskaly.unified-api.all.2026-06-01.yaml · R3
fatturapa · /entries/{i}/data/vat/fiscal_location/country missing from model,operation|/entries/{i}/data/vat/fiscal_location/country|model,,,,,,fatturapa,model,/entries/{i}/data/vat/fiscal_location/country,model —; json /entries/{i}/data/vat/fiscal_location/country; xml —,The operation accepts this pointer but no model field addresses it,,IT_EI: applicable; BE_EI: applicable; DE_EI: applicable,should-fix,spec · fiskaly.unified-api.all.2026-06-01.yaml · R2
fatturapa · /entries/{i}/data/vat/fiscal_location/region missing from model,operation|/entries/{i}/data/vat/fiscal_location/region|model,,,,,,fatturapa,model,/entries/{i}/data/vat/fiscal_location/region,model —; json /entries/{i}/data/vat/fiscal_location/region; xml —,The operation accepts this pointer but no model field addresses it,,IT_EI: applicable; BE_EI: applicable; DE_EI: applicable,note,spec · fiskaly.unified-api.all.2026-06-01.yaml · R3
fatturapa · /entries/{i}/details/properties missing from model,operation|/entries/{i}/details/properties|model,,,,,,fatturapa,model,/entries/{i}/details/properties,model —; json /entries/{i}/details/properties; xml —,The operation accepts this pointer but no model field addresses it,"discarded: Accepted by the schema, then thrown away by the FatturaPA generator — only `concept` survives from the details block.",IT_EI: applicable; BE_EI: applicable; DE_EI: applicable,note,spec · fiskaly.unified-api.all.2026-06-01.yaml · R3
fatturapa · /payments/{i}/details/discount missing from model,operation|/payments/{i}/details/discount|model,,,,,,fatturapa,model,/payments/{i}/details/discount,model —; json /payments/{i}/details/discount; xml —,The operation accepts this pointer but no model field addresses it,"discarded: Accepted by the schema, then thrown away by the FatturaPA generator; no payment discount reaches the XML.",IT_EI: applicable; BE_EI: applicable; DE_EI: applicable,note,spec · fiskaly.unified-api.all.2026-06-01.yaml · R3
fatturapa · /payments/{i}/instruction/properties missing from model,operation|/payments/{i}/instruction/properties|model,,,,,,fatturapa,model,/payments/{i}/instruction/properties,model —; json /payments/{i}/instruction/properties; xml —,The operation accepts this pointer but no model field addresses it,,IT_EI: applicable; BE_EI: applicable; DE_EI: applicable,note,spec · fiskaly.unified-api.all.2026-06-01.yaml · R3
fatturapa · /recipients/{i}/address/line/infix missing from model,operation|/recipients/{i}/address/line/infix|model,,,,,,fatturapa,model,/recipients/{i}/address/line/infix,model —; json /recipients/{i}/address/line/infix; xml —,The operation accepts this pointer but no model field addresses it,"mapped: The recipient address becomes the buyer's Sede: street, number, postcode, city, region (Provincia) and country all rendered in the tested capture.",IT_EI: applicable; BE_EI: applicable; DE_EI: applicable,note,spec · fiskaly.unified-api.all.2026-06-01.yaml · R3
fatturapa · /recipients/{i}/address/line/prefix missing from model,operation|/recipients/{i}/address/line/prefix|model,,,,,,fatturapa,model,/recipients/{i}/address/line/prefix,model —; json /recipients/{i}/address/line/prefix; xml —,The operation accepts this pointer but no model field addresses it,"mapped: The recipient address becomes the buyer's Sede: street, number, postcode, city, region (Provincia) and country all rendered in the tested capture.",IT_EI: applicable; BE_EI: applicable; DE_EI: applicable,note,spec · fiskaly.unified-api.all.2026-06-01.yaml · R3
fatturapa · /recipients/{i}/address/line/suffix missing from model,operation|/recipients/{i}/address/line/suffix|model,,,,,,fatturapa,model,/recipients/{i}/address/line/suffix,model —; json /recipients/{i}/address/line/suffix; xml —,The operation accepts this pointer but no model field addresses it,"mapped: The recipient address becomes the buyer's Sede: street, number, postcode, city, region (Provincia) and country all rendered in the tested capture.",IT_EI: applicable; BE_EI: applicable; DE_EI: applicable,note,spec · fiskaly.unified-api.all.2026-06-01.yaml · R3
fatturapa · /recipients/{i}/shipping/address/line/infix missing from model,operation|/recipients/{i}/shipping/address/line/infix|model,,,,,,fatturapa,model,/recipients/{i}/shipping/address/line/infix,model —; json /recipients/{i}/shipping/address/line/infix; xml —,The operation accepts this pointer but no model field addresses it,"not-rendered: Accepted by the schema, but no DatiTrasporto block appeared in the tested capture even though the request carried a full shipping address and date.",IT_EI: applicable; BE_EI: applicable; DE_EI: applicable,note,spec · fiskaly.unified-api.all.2026-06-01.yaml · R3
fatturapa · /recipients/{i}/shipping/address/line/prefix missing from model,operation|/recipients/{i}/shipping/address/line/prefix|model,,,,,,fatturapa,model,/recipients/{i}/shipping/address/line/prefix,model —; json /recipients/{i}/shipping/address/line/prefix; xml —,The operation accepts this pointer but no model field addresses it,"not-rendered: Accepted by the schema, but no DatiTrasporto block appeared in the tested capture even though the request carried a full shipping address and date.",IT_EI: applicable; BE_EI: applicable; DE_EI: applicable,note,spec · fiskaly.unified-api.all.2026-06-01.yaml · R3
fatturapa · /recipients/{i}/shipping/address/line/suffix missing from model,operation|/recipients/{i}/shipping/address/line/suffix|model,,,,,,fatturapa,model,/recipients/{i}/shipping/address/line/suffix,model —; json /recipients/{i}/shipping/address/line/suffix; xml —,The operation accepts this pointer but no model field addresses it,"not-rendered: Accepted by the schema, but no DatiTrasporto block appeared in the tested capture even though the request carried a full shipping address and date.",IT_EI: applicable; BE_EI: applicable; DE_EI: applicable,note,spec · fiskaly.unified-api.all.2026-06-01.yaml · R3
fatturapa · /tax_representative/country missing from model,operation|/tax_representative/country|model,,BT-69,BG-12,Tax representative country code,1..1,fatturapa,model,/tax_representative/country,model —; json /tax_representative/country; xml —,The operation accepts this pointer but no model field addresses it,"not-rendered: Accepted by the schema, but no RappresentanteFiscale block appeared in the tested capture even though the request named one.",IT_EI: applicable; BE_EI: applicable; DE_EI: applicable,should-fix,spec · fiskaly.unified-api.all.2026-06-01.yaml · R2
fatturapa · /tax_representative/name missing from model,operation|/tax_representative/name|model,,BT-62,BG-11,Seller tax representative name,1..1,fatturapa,model,/tax_representative/name,model —; json /tax_representative/name; xml —,The operation accepts this pointer but no model field addresses it,"not-rendered: Accepted by the schema, but no RappresentanteFiscale block appeared in the tested capture even though the request named one.",IT_EI: applicable; BE_EI: applicable; DE_EI: applicable,should-fix,spec · fiskaly.unified-api.all.2026-06-01.yaml · R2
fatturapa · /tax_representative/vat_number missing from model,operation|/tax_representative/vat_number|model,,BT-63,BG-11,Seller tax representative VAT identifier,1..1,fatturapa,model,/tax_representative/vat_number,model —; json /tax_representative/vat_number; xml —,The operation accepts this pointer but no model field addresses it,"not-rendered: Accepted by the schema, but no RappresentanteFiscale block appeared in the tested capture even though the request named one.",IT_EI: applicable; BE_EI: applicable; DE_EI: applicable,should-fix,spec · fiskaly.unified-api.all.2026-06-01.yaml · R2
fatturapa · buyer.person.forename missing from json,fatturapa|buyer.person.forename|json,buyer.person.forename,,,,,fatturapa,json,/recipients/{i}/name/forename,model Forename; json —; xml mapped,"Only a CONSUMER recipient carries a PersonName; a BUSINESS recipient has one legal name and no forename, surname or gender",mapped: The business recipient's name becomes the buyer's Denominazione.,,should-fix,structural · uapi-map.UAPI_PARTIAL_FIELDS · R2
fatturapa · buyer.person.surname missing from json,fatturapa|buyer.person.surname|json,buyer.person.surname,,,,,fatturapa,json,/recipients/{i}/name/surname,model Surname; json —; xml mapped,"Only a CONSUMER recipient carries a PersonName; a BUSINESS recipient has one legal name and no forename, surname or gender",mapped: The business recipient's name becomes the buyer's Denominazione.,,should-fix,structural · uapi-map.UAPI_PARTIAL_FIELDS · R2
fatturapa · buyer.taxId missing from json,fatturapa|buyer.taxId|json,buyer.taxId,,,,,fatturapa,json,buyer.taxId,model Tax registration identifier (codice fiscale); json —; xml mapped,"identification names one identifier, so a buyer with a VAT id sends only that; its codice fiscale is preserved but not editable through the JSON",,,should-fix,structural · uapi-map.UAPI_PARTIAL_FIELDS · R2
fatturapa · it.bollo.amount missing from json,fatturapa|it.bollo.amount|json,it.bollo.amount,,,,,fatturapa,json,it.bollo.amount,model Stamp duty amount; json —; xml mapped,"The Italian document extras (bollo virtuale, CUP, CIG) have no counterpart in the operation",,,should-fix,structural · uapi-map.UAPI_LOSSY_FIELDS · R2
fatturapa · it.bollo.virtuale missing from json,fatturapa|it.bollo.virtuale|json,it.bollo.virtuale,,,,,fatturapa,json,it.bollo.virtuale,model Virtual stamp duty indicator; json —; xml mapped,"The Italian document extras (bollo virtuale, CUP, CIG) have no counterpart in the operation",,,should-fix,structural · uapi-map.UAPI_LOSSY_FIELDS · R2
fatturapa · it.cig missing from json,fatturapa|it.cig|json,it.cig,,,,,fatturapa,json,it.cig,model CIG - codice identificativo gara; json —; xml mapped,"The Italian document extras (bollo virtuale, CUP, CIG) have no counterpart in the operation",,,should-fix,structural · uapi-map.UAPI_LOSSY_FIELDS · R2
fatturapa · it.cup missing from json,fatturapa|it.cup|json,it.cup,,,,,fatturapa,json,it.cup,model CUP - codice unico di progetto; json —; xml mapped,"The Italian document extras (bollo virtuale, CUP, CIG) have no counterpart in the operation",,,should-fix,structural · uapi-map.UAPI_LOSSY_FIELDS · R2
fatturapa · lines.{i}.id missing from json,fatturapa|lines.{i}.id|json,lines.{i}.id,BT-126,BG-25,Invoice line identifier,1..1,fatturapa,json,/entries/{i}/details/number,model BT-126; json —; xml mapped,details.number is optional; without it the entry's position becomes the line id,discarded: We send the line id here and the FatturaPA generator throws it away; NumeroLinea is assigned from the entry's position instead. It stays in the payload because the schema accepts it and this evidence covers FatturaPA only.,,should-fix,structural · uapi-map.UAPI_PARTIAL_FIELDS · R2
fatturapa · lines.{i}.it.altriDatiGestionali.riferimentoData missing from json,fatturapa|lines.{i}.it.altriDatiGestionali.riferimentoData|json,lines.{i}.it.altriDatiGestionali.riferimentoData,,,,,fatturapa,json,lines.{i}.it.altriDatiGestionali.riferimentoData,model Management data date (FatturaPA); json —; xml mapped,AltriDatiGestionali has no counterpart in the operation,,,should-fix,structural · uapi-map.UAPI_LOSSY_FIELDS · R2
fatturapa · lines.{i}.it.altriDatiGestionali.riferimentoNumero missing from json,fatturapa|lines.{i}.it.altriDatiGestionali.riferimentoNumero|json,lines.{i}.it.altriDatiGestionali.riferimentoNumero,,,,,fatturapa,json,lines.{i}.it.altriDatiGestionali.riferimentoNumero,model Management data number (FatturaPA); json —; xml mapped,AltriDatiGestionali has no counterpart in the operation,,,should-fix,structural · uapi-map.UAPI_LOSSY_FIELDS · R2
fatturapa · lines.{i}.it.altriDatiGestionali.riferimentoTesto missing from json,fatturapa|lines.{i}.it.altriDatiGestionali.riferimentoTesto|json,lines.{i}.it.altriDatiGestionali.riferimentoTesto,,,,,fatturapa,json,lines.{i}.it.altriDatiGestionali.riferimentoTesto,model Management data text (FatturaPA); json —; xml mapped,AltriDatiGestionali has no counterpart in the operation,,,should-fix,structural · uapi-map.UAPI_LOSSY_FIELDS · R2
fatturapa · lines.{i}.it.altriDatiGestionali.tipoDato missing from json,fatturapa|lines.{i}.it.altriDatiGestionali.tipoDato|json,lines.{i}.it.altriDatiGestionali.tipoDato,,,,,fatturapa,json,lines.{i}.it.altriDatiGestionali.tipoDato,model Management data type (FatturaPA); json —; xml mapped,AltriDatiGestionali has no counterpart in the operation,,,should-fix,structural · uapi-map.UAPI_LOSSY_FIELDS · R2
fatturapa · lines.{i}.vat.natura missing from json,fatturapa|lines.{i}.vat.natura|json,lines.{i}.vat.natura,,,,,fatturapa,json,lines.{i}.vat.natura,model Line natura (FatturaPA); json —; xml mapped,rateCode/exemptionCode are many-to-one: the SystemVatRateCode and SystemVatExemptionCode enums cannot express Natura or a VATEX code,,,should-fix,structural · uapi-map.UAPI_LOSSY_FIELDS · R2
fatturapa · lines.{i}.vat.rate missing from json,fatturapa|lines.{i}.vat.rate|json,lines.{i}.vat.rate,BT-152,BG-30,Invoiced item VAT rate,0..1,fatturapa,json,/entries/{i}/data/vat/percentage,model BT-152; json —; xml mapped,Only a VAT_RATE row has a percentage; an exemption or reverse-charge row carries none,mapped: The VAT percentage becomes the line's AliquotaIVA.,,should-fix,structural · uapi-map.UAPI_PARTIAL_FIELDS · R2
fatturapa · payment.accountName missing from json,fatturapa|payment.accountName|json,payment.accountName,BT-85,BG-17,Payment account name,0..1,fatturapa,json,/payments/{i}/instruction/name,model BT-85; json —; xml mapped,The bank details only travel inside a CREDIT_TRANSFER instruction,mapped: The instruction's account-holder name is written as IstitutoFinanziario — FatturaPA's financial-institution name — exactly as observed in the tested capture.,IT_EI: applicable,should-fix,structural · uapi-map.UAPI_PARTIAL_FIELDS · R2
fatturapa · payment.bic missing from json,fatturapa|payment.bic|json,payment.bic,BT-86,BG-17,Payment service provider identifier,0..1,fatturapa,json,/payments/{i}/instruction/payment_service_provider,model BT-86; json —; xml mapped,The bank details only travel inside a CREDIT_TRANSFER instruction,mapped: The payment service provider becomes the BIC element and must be a real SWIFT/BIC.,IT_EI: applicable,should-fix,structural · uapi-map.UAPI_PARTIAL_FIELDS · R2
fatturapa · payment.conditions missing from json,fatturapa|payment.conditions|json,payment.conditions,,,,,fatturapa,json,payment.conditions,model Payment conditions (CondizioniPagamento); json —; xml mapped,The payment instruction is a bank transfer or nothing; ModalitaPagamento and the FatturaPA payment conditions are not carried,,,should-fix,structural · uapi-map.UAPI_LOSSY_FIELDS · R2
fatturapa · payment.iban missing from json,fatturapa|payment.iban|json,payment.iban,BT-84,BG-17,Payment account identifier,1..1,fatturapa,json,/payments/{i}/instruction/account,model BT-84; json —; xml mapped,The bank details only travel inside a CREDIT_TRANSFER instruction,mapped: The credit-transfer account becomes the IBAN element.,IT_EI: applicable,should-fix,structural · uapi-map.UAPI_PARTIAL_FIELDS · R2
fatturapa · payment.italianMeansCode missing from json,fatturapa|payment.italianMeansCode|json,payment.italianMeansCode,,,,,fatturapa,json,payment.italianMeansCode,model Payment means (ModalitaPagamento); json —; xml mapped,The payment instruction is a bank transfer or nothing; ModalitaPagamento and the FatturaPA payment conditions are not carried,,,should-fix,structural · uapi-map.UAPI_LOSSY_FIELDS · R2
fatturapa · references.despatchAdvice.issueDate missing from json,fatturapa|references.despatchAdvice.issueDate|json,references.despatchAdvice.issueDate,,,,,fatturapa,json,references.despatchAdvice.issueDate,model Despatch advice date; json —; xml mapped,"document.references carries neither BT-14 nor BT-18, and despatch_advice is a bare number without BT-16's date",,,should-fix,structural · uapi-map.UAPI_LOSSY_FIELDS · R2
fatturapa · references.invoicedObject missing from json,fatturapa|references.invoicedObject|json,references.invoicedObject,BT-18,BG-0,Invoiced object identifier,0..1,fatturapa,json,BT-18,model BT-18; json —; xml mapped,"document.references carries neither BT-14 nor BT-18, and despatch_advice is a bare number without BT-16's date",,,should-fix,structural · uapi-map.UAPI_LOSSY_FIELDS · R2
fatturapa · seller.address.city missing from json,fatturapa|seller.address.city|json,seller.address.city,BT-37,BG-5,Seller city,0..1,fatturapa,json,BT-37,model BT-37; json —; xml mapped,The seller (BG-4) comes from the taxpayer resource; the operation carries only the contact point (BG-6),"Derived: fiskaly fills this from Taxpayer /address/city — provided when the account is onboarded (POST /taxpayers, system commissioning), not per invoice.",,note,structural · uapi-map.UAPI_LOSSY_FIELDS · R4
fatturapa · seller.address.country missing from json,fatturapa|seller.address.country|json,seller.address.country,BT-40,BG-5,Seller country code,1..1,fatturapa,json,BT-40,model BT-40; json —; xml mapped,The seller (BG-4) comes from the taxpayer resource; the operation carries only the contact point (BG-6),"Derived: fiskaly fills this from Taxpayer /address/country — provided when the account is onboarded (POST /taxpayers, system commissioning), not per invoice.",,note,structural · uapi-map.UAPI_LOSSY_FIELDS · R4
fatturapa · seller.address.number missing from json,fatturapa|seller.address.number|json,seller.address.number,BT-36,BG-5,Seller address line 2,0..1,fatturapa,json,BT-36,model BT-36; json —; xml mapped,The seller (BG-4) comes from the taxpayer resource; the operation carries only the contact point (BG-6),"Derived: fiskaly fills this from Taxpayer /address/line — provided when the account is onboarded (POST /taxpayers, system commissioning), not per invoice.",,note,structural · uapi-map.UAPI_LOSSY_FIELDS · R4
fatturapa · seller.address.postCode missing from json,fatturapa|seller.address.postCode|json,seller.address.postCode,BT-38,BG-5,Seller post code,0..1,fatturapa,json,BT-38,model BT-38; json —; xml mapped,The seller (BG-4) comes from the taxpayer resource; the operation carries only the contact point (BG-6),"Derived: fiskaly fills this from Taxpayer /address/code — provided when the account is onboarded (POST /taxpayers, system commissioning), not per invoice.",,note,structural · uapi-map.UAPI_LOSSY_FIELDS · R4
fatturapa · seller.address.region missing from json,fatturapa|seller.address.region|json,seller.address.region,BT-39,BG-5,Seller country subdivision,0..1,fatturapa,json,BT-39,model BT-39; json —; xml mapped,The seller (BG-4) comes from the taxpayer resource; the operation carries only the contact point (BG-6),"Derived: fiskaly fills this from Taxpayer /address/region — provided when the account is onboarded (POST /taxpayers, system commissioning), not per invoice.",,note,structural · uapi-map.UAPI_LOSSY_FIELDS · R4
fatturapa · seller.address.street missing from json,fatturapa|seller.address.street|json,seller.address.street,BT-35,BG-5,Seller address line 1,0..1,fatturapa,json,BT-35,model BT-35; json —; xml mapped,The seller (BG-4) comes from the taxpayer resource; the operation carries only the contact point (BG-6),"Derived: fiskaly fills this from Taxpayer /address/line — provided when the account is onboarded (POST /taxpayers, system commissioning), not per invoice.",,note,structural · uapi-map.UAPI_LOSSY_FIELDS · R4
fatturapa · seller.it.rea.capital missing from json,fatturapa|seller.it.rea.capital|json,seller.it.rea.capital,,,,,fatturapa,json,seller.it.rea.capital,model Share capital; json —; xml mapped,The seller (BG-4) comes from the taxpayer resource; the operation carries only the contact point (BG-6),"Derived: fiskaly fills this from Taxpayer /fiscalization/registration/capital (IT) — provided when the account is onboarded (POST /taxpayers, system commissioning), not per invoice.",,note,structural · uapi-map.UAPI_LOSSY_FIELDS · R4
fatturapa · seller.it.rea.liquidation missing from json,fatturapa|seller.it.rea.liquidation|json,seller.it.rea.liquidation,,,,,fatturapa,json,seller.it.rea.liquidation,model Liquidation status; json —; xml mapped,The seller (BG-4) comes from the taxpayer resource; the operation carries only the contact point (BG-6),"Derived: fiskaly fills this from Taxpayer /fiscalization/registration/liquidation_status (IT) — provided when the account is onboarded (POST /taxpayers, system commissioning), not per invoice.",,note,structural · uapi-map.UAPI_LOSSY_FIELDS · R4
fatturapa · seller.it.rea.number missing from json,fatturapa|seller.it.rea.number|json,seller.it.rea.number,,,,,fatturapa,json,seller.it.rea.number,model REA registration number; json —; xml mapped,The seller (BG-4) comes from the taxpayer resource; the operation carries only the contact point (BG-6),"Derived: fiskaly fills this from Taxpayer /fiscalization/registration/entry (IT) — provided when the account is onboarded (POST /taxpayers, system commissioning), not per invoice.",,note,structural · uapi-map.UAPI_LOSSY_FIELDS · R4
fatturapa · seller.it.rea.office missing from json,fatturapa|seller.it.rea.office|json,seller.it.rea.office,,,,,fatturapa,json,seller.it.rea.office,model REA registration office; json —; xml mapped,The seller (BG-4) comes from the taxpayer resource; the operation carries only the contact point (BG-6),"Derived: fiskaly fills this from Taxpayer /fiscalization/registration/office (IT) — provided when the account is onboarded (POST /taxpayers, system commissioning), not per invoice.",,note,structural · uapi-map.UAPI_LOSSY_FIELDS · R4
fatturapa · seller.it.rea.soleShareholder missing from json,fatturapa|seller.it.rea.soleShareholder|json,seller.it.rea.soleShareholder,,,,,fatturapa,json,seller.it.rea.soleShareholder,model Sole shareholder indicator; json —; xml mapped,The seller (BG-4) comes from the taxpayer resource; the operation carries only the contact point (BG-6),"Derived: fiskaly fills this from Taxpayer /fiscalization/registration/shareholder_status (IT) — provided when the account is onboarded (POST /taxpayers, system commissioning), not per invoice.",,note,structural · uapi-map.UAPI_LOSSY_FIELDS · R4
fatturapa · seller.it.regimeFiscale missing from json,fatturapa|seller.it.regimeFiscale|json,seller.it.regimeFiscale,,,,,fatturapa,json,seller.it.regimeFiscale,model Tax regime (RegimeFiscale); json —; xml mapped,The seller (BG-4) comes from the taxpayer resource; the operation carries only the contact point (BG-6),"Derived: fiskaly fills this from Taxpayer /fiscalization/registration/tax_regime (IT) — provided when the account is onboarded (POST /taxpayers, system commissioning), not per invoice.",,note,structural · uapi-map.UAPI_LOSSY_FIELDS · R4
fatturapa · seller.name missing from json,fatturapa|seller.name|json,seller.name,BT-27,BG-4,Seller name,1..1,fatturapa,json,BT-27,model BT-27; json —; xml mapped,The seller (BG-4) comes from the taxpayer resource; the operation carries only the contact point (BG-6),"Derived: fiskaly fills this from Taxpayer /name/legal — provided when the account is onboarded (POST /taxpayers, system commissioning), not per invoice.",,note,structural · uapi-map.UAPI_LOSSY_FIELDS · R4
fatturapa · seller.person.forename missing from json,fatturapa|seller.person.forename|json,seller.person.forename,,,,,fatturapa,json,seller.person.forename,model Forename; json —; xml mapped,The seller (BG-4) comes from the taxpayer resource; the operation carries only the contact point (BG-6),"Derived: fiskaly fills this from Taxpayer::INDIVIDUAL /name/person/forename — provided when the account is onboarded (POST /taxpayers, system commissioning), not per invoice.",,note,structural · uapi-map.UAPI_LOSSY_FIELDS · R4
fatturapa · seller.person.surname missing from json,fatturapa|seller.person.surname|json,seller.person.surname,,,,,fatturapa,json,seller.person.surname,model Surname; json —; xml mapped,The seller (BG-4) comes from the taxpayer resource; the operation carries only the contact point (BG-6),"Derived: fiskaly fills this from Taxpayer::INDIVIDUAL /name/person/surname — provided when the account is onboarded (POST /taxpayers, system commissioning), not per invoice.",,note,structural · uapi-map.UAPI_LOSSY_FIELDS · R4
fatturapa · seller.taxId missing from json,fatturapa|seller.taxId|json,seller.taxId,BT-32,BG-4,Seller tax registration identifier,0..1,fatturapa,json,BT-32,model BT-32; json —; xml mapped,The seller (BG-4) comes from the taxpayer resource; the operation carries only the contact point (BG-6),"Derived: fiskaly fills this from Taxpayer /fiscalization/tax_id_number — provided when the account is onboarded (POST /taxpayers, system commissioning), not per invoice.",,note,structural · uapi-map.UAPI_LOSSY_FIELDS · R4
fatturapa · seller.vatId missing from json,fatturapa|seller.vatId|json,seller.vatId,BT-31,BG-4,Seller VAT identifier,0..1,fatturapa,json,BT-31,model BT-31; json —; xml mapped,The seller (BG-4) comes from the taxpayer resource; the operation carries only the contact point (BG-6),"Derived: fiskaly fills this from Taxpayer /fiscalization/vat_id_number — provided when the account is onboarded (POST /taxpayers, system commissioning), not per invoice.",,note,structural · uapi-map.UAPI_LOSSY_FIELDS · R4
fatturapa · totals.rounding missing from json,fatturapa|totals.rounding|json,totals.rounding,BT-114,BG-22,Rounding amount,0..1,fatturapa,json,BT-114,model BT-114; json —; xml mapped,totals.vat is a three-value VAT summary; the EN 16931 document-level sums and adjustments are not carried,,,should-fix,structural · uapi-map.UAPI_LOSSY_FIELDS · R2
fatturapa · typeCode missing from json,fatturapa|typeCode|json,typeCode,BT-3,BG-0,Invoice type code,1..1,fatturapa,json,BT-3,model BT-3; json —; xml mapped,BT-3 is derived by fiskaly; the operation only distinguishes INVOICE from CORRECTION,,,should-fix,structural · uapi-map.UAPI_LOSSY_FIELDS · R2
fatturapa · vatBreakdown.{i}.esigibilita missing from json,fatturapa|vatBreakdown.{i}.esigibilita|json,vatBreakdown.{i}.esigibilita,,,,,fatturapa,json,vatBreakdown.{i}.esigibilita,model Esigibilita IVA (FatturaPA); json —; xml mapped,esigibilita (FatturaPA EsigibilitaIVA) has no counterpart in the VAT breakdown,,,should-fix,structural · uapi-map.UAPI_LOSSY_FIELDS · R2
fatturapa · vatBreakdown.{i}.natura missing from json,fatturapa|vatBreakdown.{i}.natura|json,vatBreakdown.{i}.natura,,,,,fatturapa,json,vatBreakdown.{i}.natura,model Natura (FatturaPA); json —; xml mapped,rateCode/exemptionCode are many-to-one: the SystemVatRateCode and SystemVatExemptionCode enums cannot express Natura or a VATEX code,,,should-fix,structural · uapi-map.UAPI_LOSSY_FIELDS · R2
fatturapa · vatBreakdown.{i}.rate missing from json,fatturapa|vatBreakdown.{i}.rate|json,vatBreakdown.{i}.rate,BT-119,BG-23,VAT category rate,1..1,fatturapa,json,/breakdown/{i}/percentage,model BT-119; json —; xml mapped,Only a VAT_RATE row has a percentage; an exemption or reverse-charge row carries none,"discarded: The VAT breakdown you send is thrown away — DatiRiepilogo is always recomputed server-side from the lines. The 2026-06-01 spec still requires it on an INVOICE operation, so it must be sent even though it is ignored; both statements are true at once.",,should-fix,structural · uapi-map.UAPI_PARTIAL_FIELDS · R2
fatturapa · buyer.channel.email missing from xml,fatturapa|buyer.channel.email|xml,buyer.channel.email,,,,,fatturapa,xml,buyer.channel.email,model Recipient email address; json /recipients/{i}/invoicing/email; xml —,The format's mapping table carries no row for this field,,,note,structural · fatturapa-map.ts · R3
fatturapa · buyer.channel.format missing from xml,fatturapa|buyer.channel.format|xml,buyer.channel.format,,,,,fatturapa,xml,buyer.channel.format,model Email attachment format; json /recipients/{i}/invoicing/format; xml —,The format's mapping table carries no row for this field,,IT_EI: not_required,note,structural · fatturapa-map.ts · R3
fatturapa · buyer.channel.participantId missing from xml,fatturapa|buyer.channel.participantId|xml,buyer.channel.participantId,,,,,fatturapa,xml,buyer.channel.participantId,model Peppol participant identifier; json /recipients/{i}/invoicing/identifier; xml —,The format's mapping table carries no row for this field,,IT_EI: applicable,note,structural · fatturapa-map.ts · R3
fatturapa · buyer.contact.email missing from xml,fatturapa|buyer.contact.email|xml,buyer.contact.email,BT-58,BG-9,Buyer contact email address,0..1,fatturapa,xml,BT-58,model BT-58; json —; xml —,The format's mapping table carries no row for this field,,,note,structural · fatturapa-map.ts · R3
fatturapa · buyer.contact.name missing from xml,fatturapa|buyer.contact.name|xml,buyer.contact.name,BT-56,BG-9,Buyer contact point,0..1,fatturapa,xml,BT-56,model BT-56; json —; xml —,The format's mapping table carries no row for this field,,,note,structural · fatturapa-map.ts · R3
fatturapa · buyer.contact.phone missing from xml,fatturapa|buyer.contact.phone|xml,buyer.contact.phone,BT-57,BG-9,Buyer contact telephone number,0..1,fatturapa,xml,BT-57,model BT-57; json —; xml —,The format's mapping table carries no row for this field,,,note,structural · fatturapa-map.ts · R3
fatturapa · buyer.electronicAddress.scheme missing from xml,fatturapa|buyer.electronicAddress.scheme|xml,buyer.electronicAddress.scheme,,,,,fatturapa,xml,buyer.electronicAddress.scheme,model Electronic address scheme; json —; xml —,The format's mapping table carries no row for this field,,,note,structural · fatturapa-map.ts · R3
fatturapa · buyer.legalRegId missing from xml,fatturapa|buyer.legalRegId|xml,buyer.legalRegId,BT-47,BG-7,Buyer legal registration identifier,0..1,fatturapa,xml,BT-47,model BT-47; json /recipients/{i}/company_id; xml —,The format's mapping table carries no row for this field,not-rendered: We send the buyer's legal registration number here (BT-47); the schema accepts it and the tested capture shows no element for it. It stays in the payload because this evidence covers FatturaPA only — other syntaxes may render it.,IT_EI: applicable,note,structural · fatturapa-map.ts · R3
fatturapa · buyer.legalRegScheme missing from xml,fatturapa|buyer.legalRegScheme|xml,buyer.legalRegScheme,,,,,fatturapa,xml,buyer.legalRegScheme,model Legal registration scheme; json —; xml —,The format's mapping table carries no row for this field,,,note,structural · fatturapa-map.ts · R3
fatturapa · buyer.person.gender missing from xml,fatturapa|buyer.person.gender|xml,buyer.person.gender,,,,,fatturapa,xml,buyer.person.gender,model Gender; json —; xml —,The format's mapping table carries no row for this field,mapped: The business recipient's name becomes the buyer's Denominazione.,,note,structural · fatturapa-map.ts · R3
fatturapa · buyer.tradeName missing from xml,fatturapa|buyer.tradeName|xml,buyer.tradeName,BT-45,BG-7,Buyer trading name,0..1,fatturapa,xml,BT-45,model BT-45; json —; xml —,The format's mapping table carries no row for this field,,,note,structural · fatturapa-map.ts · R3
fatturapa · delivery.date missing from xml,fatturapa|delivery.date|xml,delivery.date,BT-72,BG-13,Actual delivery date,0..1,fatturapa,xml,BT-72,model BT-72; json —; xml —,The format's mapping table carries no row for this field,"not-rendered: Accepted by the schema, but no DatiTrasporto block appeared in the tested capture even though the request carried a full shipping address and date.",IT_EI: applicable,note,structural · fatturapa-map.ts · R3
fatturapa · lines.{i}.description missing from xml,fatturapa|lines.{i}.description|xml,lines.{i}.description,BT-154,BG-31,Item description,0..1,fatturapa,xml,BT-154,model BT-154; json /entries/{i}/details/description; xml —,The format's mapping table carries no row for this field,"discarded: We send the line description here (BT-127 invoice line note) and the FatturaPA generator throws it away — only `concept` survives from the details block. It stays in the payload because the schema accepts it and this evidence does not cover the UBL and CII paths, which may use it.",IT_EI: applicable,note,structural · fatturapa-map.ts · R3
fatturapa · lines.{i}.vat.reason missing from xml,fatturapa|lines.{i}.vat.reason|xml,lines.{i}.vat.reason,,,,,fatturapa,xml,lines.{i}.vat.reason,model Line VAT exemption reason text; json /entries/{i}/data/vat/reason; xml —,The format's mapping table carries no row for this field,,IT_EI: applicable,note,structural · fatturapa-map.ts · R3
fatturapa · lines.{i}.vat.vatexCode missing from xml,fatturapa|lines.{i}.vat.vatexCode|xml,lines.{i}.vat.vatexCode,,,,,fatturapa,xml,lines.{i}.vat.vatexCode,model Line VAT exemption reason code; json —; xml —,The format's mapping table carries no row for this field,,,note,structural · fatturapa-map.ts · R3
fatturapa · payment.meansCode missing from xml,fatturapa|payment.meansCode|xml,payment.meansCode,BT-81,BG-16,Payment means type code,1..1,fatturapa,xml,BT-81,model BT-81; json /payments/{i}/type; xml —,The format's mapping table carries no row for this field,"platform: The request has no field for CondizioniPagamento; the platform derives a default (TP02, full payment, in the tested capture), so the model's payment.conditions cannot influence the XML.",,note,structural · fatturapa-map.ts · R4
fatturapa · payment.meansText missing from xml,fatturapa|payment.meansText|xml,payment.meansText,BT-82,BG-16,Payment means text,0..1,fatturapa,xml,BT-82,model BT-82; json /payments/{i}/name; xml —,The format's mapping table carries no row for this field,,IT_EI: applicable,note,structural · fatturapa-map.ts · R3
fatturapa · payment.remittanceInformation missing from xml,fatturapa|payment.remittanceInformation|xml,payment.remittanceInformation,BT-83,BG-16,Remittance information,0..1,fatturapa,xml,BT-83,model BT-83; json /payments/{i}/instruction/text; xml —,The format's mapping table carries no row for this field,,IT_EI: applicable,note,structural · fatturapa-map.ts · R3
fatturapa · payment.terms missing from xml,fatturapa|payment.terms|xml,payment.terms,BT-20,BG-0,Payment terms,0..1,fatturapa,xml,BT-20,model BT-20; json /document/payment_terms; xml —,The format's mapping table carries no row for this field,"not-rendered: The tested payload sent free-text payment terms and no element carried them; FatturaPA expresses terms as the coded CondizioniPagamento, which the platform derives itself.",IT_EI: applicable,note,structural · fatturapa-map.ts · R3
fatturapa · references.buyerReference missing from xml,fatturapa|references.buyerReference|xml,references.buyerReference,BT-10,BG-0,Buyer reference,0..1,fatturapa,xml,BT-10,model BT-10; json /document/references/buyer; xml —,The format's mapping table carries no row for this field,not-rendered: Accepted by the schema (BT-10 buyer reference) but produced no element in the tested capture.,IT_EI: applicable,note,structural · fatturapa-map.ts · R3
fatturapa · references.project missing from xml,fatturapa|references.project|xml,references.project,BT-11,BG-0,Project reference,0..1,fatturapa,xml,BT-11,model BT-11; json /document/references/project; xml —,The format's mapping table carries no row for this field,,IT_EI: applicable,note,structural · fatturapa-map.ts · R3
fatturapa · references.salesOrder missing from xml,fatturapa|references.salesOrder|xml,references.salesOrder,BT-14,BG-0,Sales order reference,0..1,fatturapa,xml,BT-14,model BT-14; json —; xml —,The format's mapping table carries no row for this field,,,note,structural · fatturapa-map.ts · R3
fatturapa · seller.contact.name missing from xml,fatturapa|seller.contact.name|xml,seller.contact.name,BT-41,BG-6,Seller contact point,0..1,fatturapa,xml,BT-41,model BT-41; json /seller/name; xml —,The format's mapping table carries no row for this field,"not-rendered: Accepted by the schema (BT-41 seller contact point) but FatturaPA's Contatti block has no name element, so it produced no output in the tested capture.",IT_EI: applicable,note,structural · fatturapa-map.ts · R3
fatturapa · seller.electronicAddress.id missing from xml,fatturapa|seller.electronicAddress.id|xml,seller.electronicAddress.id,BT-34,BG-4,Seller electronic address,1..1,fatturapa,xml,BT-34,model BT-34; json —; xml —,The format's mapping table carries no row for this field,,,note,structural · fatturapa-map.ts · R3
fatturapa · seller.electronicAddress.scheme missing from xml,fatturapa|seller.electronicAddress.scheme|xml,seller.electronicAddress.scheme,,,,,fatturapa,xml,seller.electronicAddress.scheme,model Electronic address scheme; json —; xml —,The format's mapping table carries no row for this field,,,note,structural · fatturapa-map.ts · R3
fatturapa · seller.legalRegId missing from xml,fatturapa|seller.legalRegId|xml,seller.legalRegId,BT-30,BG-4,Seller legal registration identifier,0..1,fatturapa,xml,BT-30,model BT-30; json —; xml —,The format's mapping table carries no row for this field,,,note,structural · fatturapa-map.ts · R3
fatturapa · seller.legalRegScheme missing from xml,fatturapa|seller.legalRegScheme|xml,seller.legalRegScheme,,,,,fatturapa,xml,seller.legalRegScheme,model Legal registration scheme; json —; xml —,The format's mapping table carries no row for this field,,,note,structural · fatturapa-map.ts · R3
fatturapa · seller.person.gender missing from xml,fatturapa|seller.person.gender|xml,seller.person.gender,,,,,fatturapa,xml,seller.person.gender,model Gender; json —; xml —,The format's mapping table carries no row for this field,,,note,structural · fatturapa-map.ts · R3
fatturapa · seller.tradeName missing from xml,fatturapa|seller.tradeName|xml,seller.tradeName,BT-28,BG-4,Seller trading name,0..1,fatturapa,xml,BT-28,model BT-28; json —; xml —,The format's mapping table carries no row for this field,,,note,structural · fatturapa-map.ts · R3
fatturapa · totals.allowance missing from xml,fatturapa|totals.allowance|xml,totals.allowance,BT-107,BG-22,Sum of allowances on document level,0..1,fatturapa,xml,BT-107,model BT-107; json —; xml —,The format's mapping table carries no row for this field,,,note,structural · fatturapa-map.ts · R3
fatturapa · totals.charge missing from xml,fatturapa|totals.charge|xml,totals.charge,BT-108,BG-22,Sum of charges on document level,0..1,fatturapa,xml,BT-108,model BT-108; json —; xml —,The format's mapping table carries no row for this field,,,note,structural · fatturapa-map.ts · R3
fatturapa · totals.lineExtension missing from xml,fatturapa|totals.lineExtension|xml,totals.lineExtension,BT-106,BG-22,Sum of Invoice line net amount,1..1,fatturapa,xml,BT-106,model BT-106; json —; xml —,The format's mapping table carries no row for this field,,,note,structural · fatturapa-map.ts · R3
fatturapa · totals.prepaid missing from xml,fatturapa|totals.prepaid|xml,totals.prepaid,BT-113,BG-22,Paid amount,0..1,fatturapa,xml,BT-113,model BT-113; json —; xml —,The format's mapping table carries no row for this field,,,note,structural · fatturapa-map.ts · R3
fatturapa · totals.taxAmount missing from xml,fatturapa|totals.taxAmount|xml,totals.taxAmount,BT-110,BG-22,Invoice total VAT amount,0..1,fatturapa,xml,BT-110,model BT-110; json /totals/vat/amount; xml —,The format's mapping table carries no row for this field,"discarded: The totals you send are thrown away and recomputed server-side along with DatiRiepilogo. The 2026-06-01 spec still requires it on an INVOICE operation, so it must be sent even though it is ignored; both statements are true at once.",IT_EI: applicable,note,structural · fatturapa-map.ts · R3
fatturapa · totals.taxExclusive missing from xml,fatturapa|totals.taxExclusive|xml,totals.taxExclusive,BT-109,BG-22,Invoice total amount without VAT,1..1,fatturapa,xml,BT-109,model BT-109; json /totals/vat/exclusive; xml —,The format's mapping table carries no row for this field,"discarded: The totals you send are thrown away and recomputed server-side along with DatiRiepilogo. The 2026-06-01 spec still requires it on an INVOICE operation, so it must be sent even though it is ignored; both statements are true at once.",IT_EI: applicable,note,structural · fatturapa-map.ts · R3
fatturapa · vatBreakdown.{i}.vatexCode missing from xml,fatturapa|vatBreakdown.{i}.vatexCode|xml,vatBreakdown.{i}.vatexCode,BT-121,BG-23,VAT exemption reason code,0..1,fatturapa,xml,BT-121,model BT-121; json —; xml —,The format's mapping table carries no row for this field,,,note,structural · fatturapa-map.ts · R3
ubl · /entries/{i}/data/product/details/name missing from model,operation|/entries/{i}/data/product/details/name|model,,,,,,ubl,model,/entries/{i}/data/product/details/name,model —; json /entries/{i}/data/product/details/name; xml —,The operation accepts this pointer but no model field addresses it,,BE_EI: applicable; DE_EI: applicable,should-fix,spec · fiskaly.unified-api.all.2026-06-01.yaml · R2
ubl · /entries/{i}/data/product/type missing from model,operation|/entries/{i}/data/product/type|model,,,,,,ubl,model,/entries/{i}/data/product/type,model —; json /entries/{i}/data/product/type; xml —,The operation accepts this pointer but no model field addresses it,,BE_EI: applicable; DE_EI: applicable,should-fix,spec · fiskaly.unified-api.all.2026-06-01.yaml · R2
ubl · /payments/{i}/details/properties missing from model,operation|/payments/{i}/details/properties|model,,,,,,ubl,model,/payments/{i}/details/properties,model —; json /payments/{i}/details/properties; xml —,The operation accepts this pointer but no model field addresses it,,BE_EI: applicable; DE_EI: applicable,note,spec · fiskaly.unified-api.all.2026-06-01.yaml · R3
ubl · buyer.contact.email missing from json,ubl|buyer.contact.email|json,buyer.contact.email,BT-58,BG-9,Buyer contact email address,0..1,ubl,json,BT-58,model BT-58; json —; xml mapped,"BusinessRecipient has no trading name, no ISO 6523 scheme for company_id and no contact group",Unobserved: no transmission capture exists for Peppol BIS Billing 3.0 (UBL 2.1); the evidence in docs/reference/fatturapa/ covers the FatturaPA path only.,,should-fix,structural · uapi-map.UAPI_LOSSY_FIELDS · R2
ubl · buyer.contact.name missing from json,ubl|buyer.contact.name|json,buyer.contact.name,BT-56,BG-9,Buyer contact point,0..1,ubl,json,BT-56,model BT-56; json —; xml mapped,"BusinessRecipient has no trading name, no ISO 6523 scheme for company_id and no contact group",Unobserved: no transmission capture exists for Peppol BIS Billing 3.0 (UBL 2.1); the evidence in docs/reference/fatturapa/ covers the FatturaPA path only.,,should-fix,structural · uapi-map.UAPI_LOSSY_FIELDS · R2
ubl · buyer.contact.phone missing from json,ubl|buyer.contact.phone|json,buyer.contact.phone,BT-57,BG-9,Buyer contact telephone number,0..1,ubl,json,BT-57,model BT-57; json —; xml mapped,"BusinessRecipient has no trading name, no ISO 6523 scheme for company_id and no contact group",Unobserved: no transmission capture exists for Peppol BIS Billing 3.0 (UBL 2.1); the evidence in docs/reference/fatturapa/ covers the FatturaPA path only.,,should-fix,structural · uapi-map.UAPI_LOSSY_FIELDS · R2
ubl · buyer.legalRegScheme missing from json,ubl|buyer.legalRegScheme|json,buyer.legalRegScheme,,,,,ubl,json,buyer.legalRegScheme,model Legal registration scheme; json —; xml mapped,"BusinessRecipient has no trading name, no ISO 6523 scheme for company_id and no contact group",Unobserved: no transmission capture exists for Peppol BIS Billing 3.0 (UBL 2.1); the evidence in docs/reference/fatturapa/ covers the FatturaPA path only.,,should-fix,structural · uapi-map.UAPI_LOSSY_FIELDS · R2
ubl · buyer.tradeName missing from json,ubl|buyer.tradeName|json,buyer.tradeName,BT-45,BG-7,Buyer trading name,0..1,ubl,json,BT-45,model BT-45; json —; xml mapped,"BusinessRecipient has no trading name, no ISO 6523 scheme for company_id and no contact group",Unobserved: no transmission capture exists for Peppol BIS Billing 3.0 (UBL 2.1); the evidence in docs/reference/fatturapa/ covers the FatturaPA path only.,,should-fix,structural · uapi-map.UAPI_LOSSY_FIELDS · R2
ubl · delivery.date missing from json,ubl|delivery.date|json,delivery.date,BT-72,BG-13,Actual delivery date,0..1,ubl,json,/recipients/{i}/shipping/date,model BT-72; json —; xml mapped,"BT-72 only travels inside recipients[].shipping, which requires BG-15: without a delivery address there is nowhere to put it",Unobserved: no transmission capture exists for Peppol BIS Billing 3.0 (UBL 2.1); the evidence in docs/reference/fatturapa/ covers the FatturaPA path only.,BE_EI: applicable,should-fix,structural · uapi-map.UAPI_PARTIAL_FIELDS · R2
ubl · lines.{i}.id missing from json,ubl|lines.{i}.id|json,lines.{i}.id,BT-126,BG-25,Invoice line identifier,1..1,ubl,json,/entries/{i}/details/number,model BT-126; json —; xml mapped,details.number is optional; without it the entry's position becomes the line id,Unobserved: no transmission capture exists for Peppol BIS Billing 3.0 (UBL 2.1); the evidence in docs/reference/fatturapa/ covers the FatturaPA path only.,,should-fix,structural · uapi-map.UAPI_PARTIAL_FIELDS · R2
ubl · lines.{i}.vat.rate missing from json,ubl|lines.{i}.vat.rate|json,lines.{i}.vat.rate,BT-152,BG-30,Invoiced item VAT rate,0..1,ubl,json,/entries/{i}/data/vat/percentage,model BT-152; json —; xml mapped,Only a VAT_RATE row has a percentage; an exemption or reverse-charge row carries none,Unobserved: no transmission capture exists for Peppol BIS Billing 3.0 (UBL 2.1); the evidence in docs/reference/fatturapa/ covers the FatturaPA path only.,,should-fix,structural · uapi-map.UAPI_PARTIAL_FIELDS · R2
ubl · payment.accountName missing from json,ubl|payment.accountName|json,payment.accountName,BT-85,BG-17,Payment account name,0..1,ubl,json,/payments/{i}/instruction/name,model BT-85; json —; xml mapped,The bank details only travel inside a CREDIT_TRANSFER instruction,Unobserved: no transmission capture exists for Peppol BIS Billing 3.0 (UBL 2.1); the evidence in docs/reference/fatturapa/ covers the FatturaPA path only.,BE_EI: applicable,should-fix,structural · uapi-map.UAPI_PARTIAL_FIELDS · R2
ubl · payment.bic missing from json,ubl|payment.bic|json,payment.bic,BT-86,BG-17,Payment service provider identifier,0..1,ubl,json,/payments/{i}/instruction/payment_service_provider,model BT-86; json —; xml mapped,The bank details only travel inside a CREDIT_TRANSFER instruction,Unobserved: no transmission capture exists for Peppol BIS Billing 3.0 (UBL 2.1); the evidence in docs/reference/fatturapa/ covers the FatturaPA path only.,BE_EI: applicable,should-fix,structural · uapi-map.UAPI_PARTIAL_FIELDS · R2
ubl · payment.iban missing from json,ubl|payment.iban|json,payment.iban,BT-84,BG-17,Payment account identifier,1..1,ubl,json,/payments/{i}/instruction/account,model BT-84; json —; xml mapped,The bank details only travel inside a CREDIT_TRANSFER instruction,Unobserved: no transmission capture exists for Peppol BIS Billing 3.0 (UBL 2.1); the evidence in docs/reference/fatturapa/ covers the FatturaPA path only.,BE_EI: applicable,should-fix,structural · uapi-map.UAPI_PARTIAL_FIELDS · R2
ubl · references.invoicedObject missing from json,ubl|references.invoicedObject|json,references.invoicedObject,BT-18,BG-0,Invoiced object identifier,0..1,ubl,json,BT-18,model BT-18; json —; xml mapped,"document.references carries neither BT-14 nor BT-18, and despatch_advice is a bare number without BT-16's date",Unobserved: no transmission capture exists for Peppol BIS Billing 3.0 (UBL 2.1); the evidence in docs/reference/fatturapa/ covers the FatturaPA path only.,,should-fix,structural · uapi-map.UAPI_LOSSY_FIELDS · R2
ubl · references.salesOrder missing from json,ubl|references.salesOrder|json,references.salesOrder,BT-14,BG-0,Sales order reference,0..1,ubl,json,BT-14,model BT-14; json —; xml mapped,"document.references carries neither BT-14 nor BT-18, and despatch_advice is a bare number without BT-16's date",Unobserved: no transmission capture exists for Peppol BIS Billing 3.0 (UBL 2.1); the evidence in docs/reference/fatturapa/ covers the FatturaPA path only.,,should-fix,structural · uapi-map.UAPI_LOSSY_FIELDS · R2
ubl · seller.address.city missing from json,ubl|seller.address.city|json,seller.address.city,BT-37,BG-5,Seller city,0..1,ubl,json,BT-37,model BT-37; json —; xml mapped,The seller (BG-4) comes from the taxpayer resource; the operation carries only the contact point (BG-6),"Derived: fiskaly fills this from Taxpayer /address/city — provided when the account is onboarded (POST /taxpayers, system commissioning), not per invoice.",,note,structural · uapi-map.UAPI_LOSSY_FIELDS · R4
ubl · seller.address.country missing from json,ubl|seller.address.country|json,seller.address.country,BT-40,BG-5,Seller country code,1..1,ubl,json,BT-40,model BT-40; json —; xml mapped,The seller (BG-4) comes from the taxpayer resource; the operation carries only the contact point (BG-6),"Derived: fiskaly fills this from Taxpayer /address/country — provided when the account is onboarded (POST /taxpayers, system commissioning), not per invoice.",,note,structural · uapi-map.UAPI_LOSSY_FIELDS · R4
ubl · seller.address.number missing from json,ubl|seller.address.number|json,seller.address.number,BT-36,BG-5,Seller address line 2,0..1,ubl,json,BT-36,model BT-36; json —; xml mapped,The seller (BG-4) comes from the taxpayer resource; the operation carries only the contact point (BG-6),"Derived: fiskaly fills this from Taxpayer /address/line — provided when the account is onboarded (POST /taxpayers, system commissioning), not per invoice.",,note,structural · uapi-map.UAPI_LOSSY_FIELDS · R4
ubl · seller.address.postCode missing from json,ubl|seller.address.postCode|json,seller.address.postCode,BT-38,BG-5,Seller post code,0..1,ubl,json,BT-38,model BT-38; json —; xml mapped,The seller (BG-4) comes from the taxpayer resource; the operation carries only the contact point (BG-6),"Derived: fiskaly fills this from Taxpayer /address/code — provided when the account is onboarded (POST /taxpayers, system commissioning), not per invoice.",,note,structural · uapi-map.UAPI_LOSSY_FIELDS · R4
ubl · seller.address.region missing from json,ubl|seller.address.region|json,seller.address.region,BT-39,BG-5,Seller country subdivision,0..1,ubl,json,BT-39,model BT-39; json —; xml mapped,The seller (BG-4) comes from the taxpayer resource; the operation carries only the contact point (BG-6),"Derived: fiskaly fills this from Taxpayer /address/region — provided when the account is onboarded (POST /taxpayers, system commissioning), not per invoice.",,note,structural · uapi-map.UAPI_LOSSY_FIELDS · R4
ubl · seller.address.street missing from json,ubl|seller.address.street|json,seller.address.street,BT-35,BG-5,Seller address line 1,0..1,ubl,json,BT-35,model BT-35; json —; xml mapped,The seller (BG-4) comes from the taxpayer resource; the operation carries only the contact point (BG-6),"Derived: fiskaly fills this from Taxpayer /address/line — provided when the account is onboarded (POST /taxpayers, system commissioning), not per invoice.",,note,structural · uapi-map.UAPI_LOSSY_FIELDS · R4
ubl · seller.electronicAddress.id missing from json,ubl|seller.electronicAddress.id|json,seller.electronicAddress.id,BT-34,BG-4,Seller electronic address,1..1,ubl,json,BT-34,model BT-34; json —; xml mapped,The seller (BG-4) comes from the taxpayer resource; the operation carries only the contact point (BG-6),"Derived: fiskaly fills this from System::E_INVOICE_SERVICE annotations.peppol_id (Peppol registration) — provided when the account is onboarded (POST /taxpayers, system commissioning), not per invoice.",,note,structural · uapi-map.UAPI_LOSSY_FIELDS · R4
ubl · seller.electronicAddress.scheme missing from json,ubl|seller.electronicAddress.scheme|json,seller.electronicAddress.scheme,,,,,ubl,json,seller.electronicAddress.scheme,model Electronic address scheme; json —; xml mapped,The seller (BG-4) comes from the taxpayer resource; the operation carries only the contact point (BG-6),"Derived: fiskaly fills this from System::E_INVOICE_SERVICE annotations.peppol_id (Peppol registration) — provided when the account is onboarded (POST /taxpayers, system commissioning), not per invoice.",,note,structural · uapi-map.UAPI_LOSSY_FIELDS · R4
ubl · seller.legalRegId missing from json,ubl|seller.legalRegId|json,seller.legalRegId,BT-30,BG-4,Seller legal registration identifier,0..1,ubl,json,BT-30,model BT-30; json —; xml mapped,The seller (BG-4) comes from the taxpayer resource; the operation carries only the contact point (BG-6),Unobserved: no transmission capture exists for Peppol BIS Billing 3.0 (UBL 2.1); the evidence in docs/reference/fatturapa/ covers the FatturaPA path only.,,should-fix,structural · uapi-map.UAPI_LOSSY_FIELDS · R2
ubl · seller.legalRegScheme missing from json,ubl|seller.legalRegScheme|json,seller.legalRegScheme,,,,,ubl,json,seller.legalRegScheme,model Legal registration scheme; json —; xml mapped,The seller (BG-4) comes from the taxpayer resource; the operation carries only the contact point (BG-6),Unobserved: no transmission capture exists for Peppol BIS Billing 3.0 (UBL 2.1); the evidence in docs/reference/fatturapa/ covers the FatturaPA path only.,,should-fix,structural · uapi-map.UAPI_LOSSY_FIELDS · R2
ubl · seller.name missing from json,ubl|seller.name|json,seller.name,BT-27,BG-4,Seller name,1..1,ubl,json,BT-27,model BT-27; json —; xml mapped,The seller (BG-4) comes from the taxpayer resource; the operation carries only the contact point (BG-6),"Derived: fiskaly fills this from Taxpayer /name/legal — provided when the account is onboarded (POST /taxpayers, system commissioning), not per invoice.",,note,structural · uapi-map.UAPI_LOSSY_FIELDS · R4
ubl · seller.tradeName missing from json,ubl|seller.tradeName|json,seller.tradeName,BT-28,BG-4,Seller trading name,0..1,ubl,json,BT-28,model BT-28; json —; xml mapped,The seller (BG-4) comes from the taxpayer resource; the operation carries only the contact point (BG-6),"Derived: fiskaly fills this from Taxpayer /name/trade — provided when the account is onboarded (POST /taxpayers, system commissioning), not per invoice.",,note,structural · uapi-map.UAPI_LOSSY_FIELDS · R4
ubl · seller.vatId missing from json,ubl|seller.vatId|json,seller.vatId,BT-31,BG-4,Seller VAT identifier,0..1,ubl,json,BT-31,model BT-31; json —; xml mapped,The seller (BG-4) comes from the taxpayer resource; the operation carries only the contact point (BG-6),"Derived: fiskaly fills this from Taxpayer /fiscalization/vat_id_number — provided when the account is onboarded (POST /taxpayers, system commissioning), not per invoice.",,note,structural · uapi-map.UAPI_LOSSY_FIELDS · R4
ubl · totals.allowance missing from json,ubl|totals.allowance|json,totals.allowance,BT-107,BG-22,Sum of allowances on document level,0..1,ubl,json,BT-107,model BT-107; json —; xml mapped,totals.vat is a three-value VAT summary; the EN 16931 document-level sums and adjustments are not carried,Unobserved: no transmission capture exists for Peppol BIS Billing 3.0 (UBL 2.1); the evidence in docs/reference/fatturapa/ covers the FatturaPA path only.,,should-fix,structural · uapi-map.UAPI_LOSSY_FIELDS · R2
ubl · totals.charge missing from json,ubl|totals.charge|json,totals.charge,BT-108,BG-22,Sum of charges on document level,0..1,ubl,json,BT-108,model BT-108; json —; xml mapped,totals.vat is a three-value VAT summary; the EN 16931 document-level sums and adjustments are not carried,Unobserved: no transmission capture exists for Peppol BIS Billing 3.0 (UBL 2.1); the evidence in docs/reference/fatturapa/ covers the FatturaPA path only.,,should-fix,structural · uapi-map.UAPI_LOSSY_FIELDS · R2
ubl · totals.lineExtension missing from json,ubl|totals.lineExtension|json,totals.lineExtension,BT-106,BG-22,Sum of Invoice line net amount,1..1,ubl,json,BT-106,model BT-106; json —; xml mapped,totals.vat is a three-value VAT summary; the EN 16931 document-level sums and adjustments are not carried,Unobserved: no transmission capture exists for Peppol BIS Billing 3.0 (UBL 2.1); the evidence in docs/reference/fatturapa/ covers the FatturaPA path only.,,should-fix,structural · uapi-map.UAPI_LOSSY_FIELDS · R2
ubl · totals.prepaid missing from json,ubl|totals.prepaid|json,totals.prepaid,BT-113,BG-22,Paid amount,0..1,ubl,json,BT-113,model BT-113; json —; xml mapped,totals.vat is a three-value VAT summary; the EN 16931 document-level sums and adjustments are not carried,Unobserved: no transmission capture exists for Peppol BIS Billing 3.0 (UBL 2.1); the evidence in docs/reference/fatturapa/ covers the FatturaPA path only.,,should-fix,structural · uapi-map.UAPI_LOSSY_FIELDS · R2
ubl · totals.rounding missing from json,ubl|totals.rounding|json,totals.rounding,BT-114,BG-22,Rounding amount,0..1,ubl,json,BT-114,model BT-114; json —; xml mapped,totals.vat is a three-value VAT summary; the EN 16931 document-level sums and adjustments are not carried,Unobserved: no transmission capture exists for Peppol BIS Billing 3.0 (UBL 2.1); the evidence in docs/reference/fatturapa/ covers the FatturaPA path only.,,should-fix,structural · uapi-map.UAPI_LOSSY_FIELDS · R2
ubl · typeCode missing from json,ubl|typeCode|json,typeCode,BT-3,BG-0,Invoice type code,1..1,ubl,json,BT-3,model BT-3; json —; xml mapped,BT-3 is derived by fiskaly; the operation only distinguishes INVOICE from CORRECTION,Unobserved: no transmission capture exists for Peppol BIS Billing 3.0 (UBL 2.1); the evidence in docs/reference/fatturapa/ covers the FatturaPA path only.,,should-fix,structural · uapi-map.UAPI_LOSSY_FIELDS · R2
ubl · vatBreakdown.{i}.rate missing from json,ubl|vatBreakdown.{i}.rate|json,vatBreakdown.{i}.rate,BT-119,BG-23,VAT category rate,1..1,ubl,json,/breakdown/{i}/percentage,model BT-119; json —; xml mapped,Only a VAT_RATE row has a percentage; an exemption or reverse-charge row carries none,Unobserved: no transmission capture exists for Peppol BIS Billing 3.0 (UBL 2.1); the evidence in docs/reference/fatturapa/ covers the FatturaPA path only.,,should-fix,structural · uapi-map.UAPI_PARTIAL_FIELDS · R2
ubl · vatBreakdown.{i}.vatexCode missing from json,ubl|vatBreakdown.{i}.vatexCode|json,vatBreakdown.{i}.vatexCode,BT-121,BG-23,VAT exemption reason code,0..1,ubl,json,BT-121,model BT-121; json —; xml mapped,rateCode/exemptionCode are many-to-one: the SystemVatRateCode and SystemVatExemptionCode enums cannot express Natura or a VATEX code,Unobserved: no transmission capture exists for Peppol BIS Billing 3.0 (UBL 2.1); the evidence in docs/reference/fatturapa/ covers the FatturaPA path only.,,should-fix,structural · uapi-map.UAPI_LOSSY_FIELDS · R2
ubl · buyer.channel.codiceDestinatario missing from xml,ubl|buyer.channel.codiceDestinatario|xml,buyer.channel.codiceDestinatario,,,,,ubl,xml,buyer.channel.codiceDestinatario,model SDI destination code; json /recipients/{i}/invoicing/destination_code; xml —,The format's mapping table carries no row for this field,Unobserved: no transmission capture exists for Peppol BIS Billing 3.0 (UBL 2.1); the evidence in docs/reference/fatturapa/ covers the FatturaPA path only.,BE_EI: applicable,note,structural · ubl-map.ts · R3
ubl · buyer.channel.email missing from xml,ubl|buyer.channel.email|xml,buyer.channel.email,,,,,ubl,xml,buyer.channel.email,model Recipient email address; json /recipients/{i}/invoicing/email; xml —,The format's mapping table carries no row for this field,Unobserved: no transmission capture exists for Peppol BIS Billing 3.0 (UBL 2.1); the evidence in docs/reference/fatturapa/ covers the FatturaPA path only.,,note,structural · ubl-map.ts · R3
ubl · buyer.channel.format missing from xml,ubl|buyer.channel.format|xml,buyer.channel.format,,,,,ubl,xml,buyer.channel.format,model Email attachment format; json /recipients/{i}/invoicing/format; xml —,The format's mapping table carries no row for this field,Unobserved: no transmission capture exists for Peppol BIS Billing 3.0 (UBL 2.1); the evidence in docs/reference/fatturapa/ covers the FatturaPA path only.,BE_EI: not_required,note,structural · ubl-map.ts · R3
ubl · buyer.channel.participantId missing from xml,ubl|buyer.channel.participantId|xml,buyer.channel.participantId,,,,,ubl,xml,buyer.channel.participantId,model Peppol participant identifier; json /recipients/{i}/invoicing/identifier; xml —,The format's mapping table carries no row for this field,Unobserved: no transmission capture exists for Peppol BIS Billing 3.0 (UBL 2.1); the evidence in docs/reference/fatturapa/ covers the FatturaPA path only.,BE_EI: applicable,note,structural · ubl-map.ts · R3
ubl · buyer.channel.pec missing from xml,ubl|buyer.channel.pec|xml,buyer.channel.pec,,,,,ubl,xml,buyer.channel.pec,model Recipient PEC address; json /recipients/{i}/invoicing/pec; xml —,The format's mapping table carries no row for this field,Unobserved: no transmission capture exists for Peppol BIS Billing 3.0 (UBL 2.1); the evidence in docs/reference/fatturapa/ covers the FatturaPA path only.,,note,structural · ubl-map.ts · R3
ubl · buyer.person.forename missing from xml,ubl|buyer.person.forename|xml,buyer.person.forename,,,,,ubl,xml,buyer.person.forename,model Forename; json —; xml —,The format's mapping table carries no row for this field,Unobserved: no transmission capture exists for Peppol BIS Billing 3.0 (UBL 2.1); the evidence in docs/reference/fatturapa/ covers the FatturaPA path only.,,note,structural · ubl-map.ts · R3
ubl · buyer.person.gender missing from xml,ubl|buyer.person.gender|xml,buyer.person.gender,,,,,ubl,xml,buyer.person.gender,model Gender; json —; xml —,The format's mapping table carries no row for this field,Unobserved: no transmission capture exists for Peppol BIS Billing 3.0 (UBL 2.1); the evidence in docs/reference/fatturapa/ covers the FatturaPA path only.,,note,structural · ubl-map.ts · R3
ubl · buyer.person.surname missing from xml,ubl|buyer.person.surname|xml,buyer.person.surname,,,,,ubl,xml,buyer.person.surname,model Surname; json —; xml —,The format's mapping table carries no row for this field,Unobserved: no transmission capture exists for Peppol BIS Billing 3.0 (UBL 2.1); the evidence in docs/reference/fatturapa/ covers the FatturaPA path only.,,note,structural · ubl-map.ts · R3
ubl · buyer.taxId missing from xml,ubl|buyer.taxId|xml,buyer.taxId,,,,,ubl,xml,buyer.taxId,model Tax registration identifier (codice fiscale); json —; xml —,The format's mapping table carries no row for this field,Unobserved: no transmission capture exists for Peppol BIS Billing 3.0 (UBL 2.1); the evidence in docs/reference/fatturapa/ covers the FatturaPA path only.,,note,structural · ubl-map.ts · R3
ubl · it.bollo.amount missing from xml,ubl|it.bollo.amount|xml,it.bollo.amount,,,,,ubl,xml,it.bollo.amount,model Stamp duty amount; json —; xml —,The format's mapping table carries no row for this field,Unobserved: no transmission capture exists for Peppol BIS Billing 3.0 (UBL 2.1); the evidence in docs/reference/fatturapa/ covers the FatturaPA path only.,,note,structural · ubl-map.ts · R3
ubl · it.bollo.virtuale missing from xml,ubl|it.bollo.virtuale|xml,it.bollo.virtuale,,,,,ubl,xml,it.bollo.virtuale,model Virtual stamp duty indicator; json —; xml —,The format's mapping table carries no row for this field,Unobserved: no transmission capture exists for Peppol BIS Billing 3.0 (UBL 2.1); the evidence in docs/reference/fatturapa/ covers the FatturaPA path only.,,note,structural · ubl-map.ts · R3
ubl · it.cig missing from xml,ubl|it.cig|xml,it.cig,,,,,ubl,xml,it.cig,model CIG - codice identificativo gara; json —; xml —,The format's mapping table carries no row for this field,Unobserved: no transmission capture exists for Peppol BIS Billing 3.0 (UBL 2.1); the evidence in docs/reference/fatturapa/ covers the FatturaPA path only.,,note,structural · ubl-map.ts · R3
ubl · it.cup missing from xml,ubl|it.cup|xml,it.cup,,,,,ubl,xml,it.cup,model CUP - codice unico di progetto; json —; xml —,The format's mapping table carries no row for this field,Unobserved: no transmission capture exists for Peppol BIS Billing 3.0 (UBL 2.1); the evidence in docs/reference/fatturapa/ covers the FatturaPA path only.,,note,structural · ubl-map.ts · R3
ubl · lines.{i}.it.altriDatiGestionali.riferimentoData missing from xml,ubl|lines.{i}.it.altriDatiGestionali.riferimentoData|xml,lines.{i}.it.altriDatiGestionali.riferimentoData,,,,,ubl,xml,lines.{i}.it.altriDatiGestionali.riferimentoData,model Management data date (FatturaPA); json —; xml —,The format's mapping table carries no row for this field,Unobserved: no transmission capture exists for Peppol BIS Billing 3.0 (UBL 2.1); the evidence in docs/reference/fatturapa/ covers the FatturaPA path only.,,note,structural · ubl-map.ts · R3
ubl · lines.{i}.it.altriDatiGestionali.riferimentoNumero missing from xml,ubl|lines.{i}.it.altriDatiGestionali.riferimentoNumero|xml,lines.{i}.it.altriDatiGestionali.riferimentoNumero,,,,,ubl,xml,lines.{i}.it.altriDatiGestionali.riferimentoNumero,model Management data number (FatturaPA); json —; xml —,The format's mapping table carries no row for this field,Unobserved: no transmission capture exists for Peppol BIS Billing 3.0 (UBL 2.1); the evidence in docs/reference/fatturapa/ covers the FatturaPA path only.,,note,structural · ubl-map.ts · R3
ubl · lines.{i}.it.altriDatiGestionali.riferimentoTesto missing from xml,ubl|lines.{i}.it.altriDatiGestionali.riferimentoTesto|xml,lines.{i}.it.altriDatiGestionali.riferimentoTesto,,,,,ubl,xml,lines.{i}.it.altriDatiGestionali.riferimentoTesto,model Management data text (FatturaPA); json —; xml —,The format's mapping table carries no row for this field,Unobserved: no transmission capture exists for Peppol BIS Billing 3.0 (UBL 2.1); the evidence in docs/reference/fatturapa/ covers the FatturaPA path only.,,note,structural · ubl-map.ts · R3
ubl · lines.{i}.it.altriDatiGestionali.tipoDato missing from xml,ubl|lines.{i}.it.altriDatiGestionali.tipoDato|xml,lines.{i}.it.altriDatiGestionali.tipoDato,,,,,ubl,xml,lines.{i}.it.altriDatiGestionali.tipoDato,model Management data type (FatturaPA); json —; xml —,The format's mapping table carries no row for this field,Unobserved: no transmission capture exists for Peppol BIS Billing 3.0 (UBL 2.1); the evidence in docs/reference/fatturapa/ covers the FatturaPA path only.,,note,structural · ubl-map.ts · R3
ubl · lines.{i}.vat.natura missing from xml,ubl|lines.{i}.vat.natura|xml,lines.{i}.vat.natura,,,,,ubl,xml,lines.{i}.vat.natura,model Line natura (FatturaPA); json —; xml —,The format's mapping table carries no row for this field,Unobserved: no transmission capture exists for Peppol BIS Billing 3.0 (UBL 2.1); the evidence in docs/reference/fatturapa/ covers the FatturaPA path only.,,note,structural · ubl-map.ts · R3
ubl · lines.{i}.vat.reason missing from xml,ubl|lines.{i}.vat.reason|xml,lines.{i}.vat.reason,,,,,ubl,xml,lines.{i}.vat.reason,model Line VAT exemption reason text; json /entries/{i}/data/vat/reason; xml —,The format's mapping table carries no row for this field,Unobserved: no transmission capture exists for Peppol BIS Billing 3.0 (UBL 2.1); the evidence in docs/reference/fatturapa/ covers the FatturaPA path only.,BE_EI: applicable,note,structural · ubl-map.ts · R3
ubl · lines.{i}.vat.vatexCode missing from xml,ubl|lines.{i}.vat.vatexCode|xml,lines.{i}.vat.vatexCode,,,,,ubl,xml,lines.{i}.vat.vatexCode,model Line VAT exemption reason code; json —; xml —,The format's mapping table carries no row for this field,Unobserved: no transmission capture exists for Peppol BIS Billing 3.0 (UBL 2.1); the evidence in docs/reference/fatturapa/ covers the FatturaPA path only.,,note,structural · ubl-map.ts · R3
ubl · payment.conditions missing from xml,ubl|payment.conditions|xml,payment.conditions,,,,,ubl,xml,payment.conditions,model Payment conditions (CondizioniPagamento); json —; xml —,The format's mapping table carries no row for this field,Unobserved: no transmission capture exists for Peppol BIS Billing 3.0 (UBL 2.1); the evidence in docs/reference/fatturapa/ covers the FatturaPA path only.,,note,structural · ubl-map.ts · R3
ubl · payment.italianMeansCode missing from xml,ubl|payment.italianMeansCode|xml,payment.italianMeansCode,,,,,ubl,xml,payment.italianMeansCode,model Payment means (ModalitaPagamento); json —; xml —,The format's mapping table carries no row for this field,Unobserved: no transmission capture exists for Peppol BIS Billing 3.0 (UBL 2.1); the evidence in docs/reference/fatturapa/ covers the FatturaPA path only.,,note,structural · ubl-map.ts · R3
ubl · references.despatchAdvice.issueDate missing from xml,ubl|references.despatchAdvice.issueDate|xml,references.despatchAdvice.issueDate,,,,,ubl,xml,references.despatchAdvice.issueDate,model Despatch advice date; json —; xml —,The format's mapping table carries no row for this field,Unobserved: no transmission capture exists for Peppol BIS Billing 3.0 (UBL 2.1); the evidence in docs/reference/fatturapa/ covers the FatturaPA path only.,,note,structural · ubl-map.ts · R3
ubl · seller.it.rea.capital missing from xml,ubl|seller.it.rea.capital|xml,seller.it.rea.capital,,,,,ubl,xml,seller.it.rea.capital,model Share capital; json —; xml —,The format's mapping table carries no row for this field,Unobserved: no transmission capture exists for Peppol BIS Billing 3.0 (UBL 2.1); the evidence in docs/reference/fatturapa/ covers the FatturaPA path only.,,note,structural · ubl-map.ts · R3
ubl · seller.it.rea.liquidation missing from xml,ubl|seller.it.rea.liquidation|xml,seller.it.rea.liquidation,,,,,ubl,xml,seller.it.rea.liquidation,model Liquidation status; json —; xml —,The format's mapping table carries no row for this field,Unobserved: no transmission capture exists for Peppol BIS Billing 3.0 (UBL 2.1); the evidence in docs/reference/fatturapa/ covers the FatturaPA path only.,,note,structural · ubl-map.ts · R3
ubl · seller.it.rea.number missing from xml,ubl|seller.it.rea.number|xml,seller.it.rea.number,,,,,ubl,xml,seller.it.rea.number,model REA registration number; json —; xml —,The format's mapping table carries no row for this field,Unobserved: no transmission capture exists for Peppol BIS Billing 3.0 (UBL 2.1); the evidence in docs/reference/fatturapa/ covers the FatturaPA path only.,,note,structural · ubl-map.ts · R3
ubl · seller.it.rea.office missing from xml,ubl|seller.it.rea.office|xml,seller.it.rea.office,,,,,ubl,xml,seller.it.rea.office,model REA registration office; json —; xml —,The format's mapping table carries no row for this field,Unobserved: no transmission capture exists for Peppol BIS Billing 3.0 (UBL 2.1); the evidence in docs/reference/fatturapa/ covers the FatturaPA path only.,,note,structural · ubl-map.ts · R3
ubl · seller.it.rea.soleShareholder missing from xml,ubl|seller.it.rea.soleShareholder|xml,seller.it.rea.soleShareholder,,,,,ubl,xml,seller.it.rea.soleShareholder,model Sole shareholder indicator; json —; xml —,The format's mapping table carries no row for this field,Unobserved: no transmission capture exists for Peppol BIS Billing 3.0 (UBL 2.1); the evidence in docs/reference/fatturapa/ covers the FatturaPA path only.,,note,structural · ubl-map.ts · R3
ubl · seller.it.regimeFiscale missing from xml,ubl|seller.it.regimeFiscale|xml,seller.it.regimeFiscale,,,,,ubl,xml,seller.it.regimeFiscale,model Tax regime (RegimeFiscale); json —; xml —,The format's mapping table carries no row for this field,Unobserved: no transmission capture exists for Peppol BIS Billing 3.0 (UBL 2.1); the evidence in docs/reference/fatturapa/ covers the FatturaPA path only.,,note,structural · ubl-map.ts · R3
ubl · seller.person.forename missing from xml,ubl|seller.person.forename|xml,seller.person.forename,,,,,ubl,xml,seller.person.forename,model Forename; json —; xml —,The format's mapping table carries no row for this field,Unobserved: no transmission capture exists for Peppol BIS Billing 3.0 (UBL 2.1); the evidence in docs/reference/fatturapa/ covers the FatturaPA path only.,,note,structural · ubl-map.ts · R3
ubl · seller.person.gender missing from xml,ubl|seller.person.gender|xml,seller.person.gender,,,,,ubl,xml,seller.person.gender,model Gender; json —; xml —,The format's mapping table carries no row for this field,Unobserved: no transmission capture exists for Peppol BIS Billing 3.0 (UBL 2.1); the evidence in docs/reference/fatturapa/ covers the FatturaPA path only.,,note,structural · ubl-map.ts · R3
ubl · seller.person.surname missing from xml,ubl|seller.person.surname|xml,seller.person.surname,,,,,ubl,xml,seller.person.surname,model Surname; json —; xml —,The format's mapping table carries no row for this field,Unobserved: no transmission capture exists for Peppol BIS Billing 3.0 (UBL 2.1); the evidence in docs/reference/fatturapa/ covers the FatturaPA path only.,,note,structural · ubl-map.ts · R3
ubl · seller.taxId missing from xml,ubl|seller.taxId|xml,seller.taxId,BT-32,BG-4,Seller tax registration identifier,0..1,ubl,xml,BT-32,model BT-32; json —; xml —,The format's mapping table carries no row for this field,Unobserved: no transmission capture exists for Peppol BIS Billing 3.0 (UBL 2.1); the evidence in docs/reference/fatturapa/ covers the FatturaPA path only.,,note,structural · ubl-map.ts · R3
ubl · vatBreakdown.{i}.esigibilita missing from xml,ubl|vatBreakdown.{i}.esigibilita|xml,vatBreakdown.{i}.esigibilita,,,,,ubl,xml,vatBreakdown.{i}.esigibilita,model Esigibilita IVA (FatturaPA); json —; xml —,The format's mapping table carries no row for this field,Unobserved: no transmission capture exists for Peppol BIS Billing 3.0 (UBL 2.1); the evidence in docs/reference/fatturapa/ covers the FatturaPA path only.,,note,structural · ubl-map.ts · R3
ubl · vatBreakdown.{i}.natura missing from xml,ubl|vatBreakdown.{i}.natura|xml,vatBreakdown.{i}.natura,,,,,ubl,xml,vatBreakdown.{i}.natura,model Natura (FatturaPA); json —; xml —,The format's mapping table carries no row for this field,Unobserved: no transmission capture exists for Peppol BIS Billing 3.0 (UBL 2.1); the evidence in docs/reference/fatturapa/ covers the FatturaPA path only.,,note,structural · ubl-map.ts · R3
xrechnung · /recipients/{i}/shipping/address/line/type missing from model,operation|/recipients/{i}/shipping/address/line/type|model,,,,,,xrechnung,model,/recipients/{i}/shipping/address/line/type,model —; json /recipients/{i}/shipping/address/line/type; xml —,The operation accepts this pointer but no model field addresses it,,DE_EI: applicable,should-fix,spec · fiskaly.unified-api.all.2026-06-01.yaml · R2
xrechnung · buyer.contact.email missing from json,xrechnung|buyer.contact.email|json,buyer.contact.email,BT-58,BG-9,Buyer contact email address,0..1,xrechnung,json,BT-58,model BT-58; json —; xml mapped,"BusinessRecipient has no trading name, no ISO 6523 scheme for company_id and no contact group",Unobserved: no transmission capture exists for XRechnung 3.0.2 (UBL 2.1); the evidence in docs/reference/fatturapa/ covers the FatturaPA path only.,,should-fix,structural · uapi-map.UAPI_LOSSY_FIELDS · R2
xrechnung · buyer.contact.name missing from json,xrechnung|buyer.contact.name|json,buyer.contact.name,BT-56,BG-9,Buyer contact point,0..1,xrechnung,json,BT-56,model BT-56; json —; xml mapped,"BusinessRecipient has no trading name, no ISO 6523 scheme for company_id and no contact group",Unobserved: no transmission capture exists for XRechnung 3.0.2 (UBL 2.1); the evidence in docs/reference/fatturapa/ covers the FatturaPA path only.,,should-fix,structural · uapi-map.UAPI_LOSSY_FIELDS · R2
xrechnung · buyer.contact.phone missing from json,xrechnung|buyer.contact.phone|json,buyer.contact.phone,BT-57,BG-9,Buyer contact telephone number,0..1,xrechnung,json,BT-57,model BT-57; json —; xml mapped,"BusinessRecipient has no trading name, no ISO 6523 scheme for company_id and no contact group",Unobserved: no transmission capture exists for XRechnung 3.0.2 (UBL 2.1); the evidence in docs/reference/fatturapa/ covers the FatturaPA path only.,,should-fix,structural · uapi-map.UAPI_LOSSY_FIELDS · R2
xrechnung · buyer.legalRegScheme missing from json,xrechnung|buyer.legalRegScheme|json,buyer.legalRegScheme,,,,,xrechnung,json,buyer.legalRegScheme,model Legal registration scheme; json —; xml mapped,"BusinessRecipient has no trading name, no ISO 6523 scheme for company_id and no contact group",Unobserved: no transmission capture exists for XRechnung 3.0.2 (UBL 2.1); the evidence in docs/reference/fatturapa/ covers the FatturaPA path only.,,should-fix,structural · uapi-map.UAPI_LOSSY_FIELDS · R2
xrechnung · buyer.tradeName missing from json,xrechnung|buyer.tradeName|json,buyer.tradeName,BT-45,BG-7,Buyer trading name,0..1,xrechnung,json,BT-45,model BT-45; json —; xml mapped,"BusinessRecipient has no trading name, no ISO 6523 scheme for company_id and no contact group",Unobserved: no transmission capture exists for XRechnung 3.0.2 (UBL 2.1); the evidence in docs/reference/fatturapa/ covers the FatturaPA path only.,,should-fix,structural · uapi-map.UAPI_LOSSY_FIELDS · R2
xrechnung · delivery.date missing from json,xrechnung|delivery.date|json,delivery.date,BT-72,BG-13,Actual delivery date,0..1,xrechnung,json,/recipients/{i}/shipping/date,model BT-72; json —; xml mapped,"BT-72 only travels inside recipients[].shipping, which requires BG-15: without a delivery address there is nowhere to put it",Unobserved: no transmission capture exists for XRechnung 3.0.2 (UBL 2.1); the evidence in docs/reference/fatturapa/ covers the FatturaPA path only.,DE_EI: applicable,should-fix,structural · uapi-map.UAPI_PARTIAL_FIELDS · R2
xrechnung · lines.{i}.id missing from json,xrechnung|lines.{i}.id|json,lines.{i}.id,BT-126,BG-25,Invoice line identifier,1..1,xrechnung,json,/entries/{i}/details/number,model BT-126; json —; xml mapped,details.number is optional; without it the entry's position becomes the line id,Unobserved: no transmission capture exists for XRechnung 3.0.2 (UBL 2.1); the evidence in docs/reference/fatturapa/ covers the FatturaPA path only.,,should-fix,structural · uapi-map.UAPI_PARTIAL_FIELDS · R2
xrechnung · lines.{i}.vat.rate missing from json,xrechnung|lines.{i}.vat.rate|json,lines.{i}.vat.rate,BT-152,BG-30,Invoiced item VAT rate,0..1,xrechnung,json,/entries/{i}/data/vat/percentage,model BT-152; json —; xml mapped,Only a VAT_RATE row has a percentage; an exemption or reverse-charge row carries none,Unobserved: no transmission capture exists for XRechnung 3.0.2 (UBL 2.1); the evidence in docs/reference/fatturapa/ covers the FatturaPA path only.,,should-fix,structural · uapi-map.UAPI_PARTIAL_FIELDS · R2
xrechnung · payment.accountName missing from json,xrechnung|payment.accountName|json,payment.accountName,BT-85,BG-17,Payment account name,0..1,xrechnung,json,/payments/{i}/instruction/name,model BT-85; json —; xml mapped,The bank details only travel inside a CREDIT_TRANSFER instruction,Unobserved: no transmission capture exists for XRechnung 3.0.2 (UBL 2.1); the evidence in docs/reference/fatturapa/ covers the FatturaPA path only.,DE_EI: applicable,should-fix,structural · uapi-map.UAPI_PARTIAL_FIELDS · R2
xrechnung · payment.bic missing from json,xrechnung|payment.bic|json,payment.bic,BT-86,BG-17,Payment service provider identifier,0..1,xrechnung,json,/payments/{i}/instruction/payment_service_provider,model BT-86; json —; xml mapped,The bank details only travel inside a CREDIT_TRANSFER instruction,Unobserved: no transmission capture exists for XRechnung 3.0.2 (UBL 2.1); the evidence in docs/reference/fatturapa/ covers the FatturaPA path only.,DE_EI: applicable,should-fix,structural · uapi-map.UAPI_PARTIAL_FIELDS · R2
xrechnung · payment.iban missing from json,xrechnung|payment.iban|json,payment.iban,BT-84,BG-17,Payment account identifier,1..1,xrechnung,json,/payments/{i}/instruction/account,model BT-84; json —; xml mapped,The bank details only travel inside a CREDIT_TRANSFER instruction,Unobserved: no transmission capture exists for XRechnung 3.0.2 (UBL 2.1); the evidence in docs/reference/fatturapa/ covers the FatturaPA path only.,DE_EI: applicable,should-fix,structural · uapi-map.UAPI_PARTIAL_FIELDS · R2
xrechnung · references.invoicedObject missing from json,xrechnung|references.invoicedObject|json,references.invoicedObject,BT-18,BG-0,Invoiced object identifier,0..1,xrechnung,json,BT-18,model BT-18; json —; xml mapped,"document.references carries neither BT-14 nor BT-18, and despatch_advice is a bare number without BT-16's date",Unobserved: no transmission capture exists for XRechnung 3.0.2 (UBL 2.1); the evidence in docs/reference/fatturapa/ covers the FatturaPA path only.,,should-fix,structural · uapi-map.UAPI_LOSSY_FIELDS · R2
xrechnung · references.salesOrder missing from json,xrechnung|references.salesOrder|json,references.salesOrder,BT-14,BG-0,Sales order reference,0..1,xrechnung,json,BT-14,model BT-14; json —; xml mapped,"document.references carries neither BT-14 nor BT-18, and despatch_advice is a bare number without BT-16's date",Unobserved: no transmission capture exists for XRechnung 3.0.2 (UBL 2.1); the evidence in docs/reference/fatturapa/ covers the FatturaPA path only.,,should-fix,structural · uapi-map.UAPI_LOSSY_FIELDS · R2
xrechnung · seller.address.city missing from json,xrechnung|seller.address.city|json,seller.address.city,BT-37,BG-5,Seller city,0..1,xrechnung,json,BT-37,model BT-37; json —; xml mapped,The seller (BG-4) comes from the taxpayer resource; the operation carries only the contact point (BG-6),"Derived: fiskaly fills this from Taxpayer /address/city — provided when the account is onboarded (POST /taxpayers, system commissioning), not per invoice.",,note,structural · uapi-map.UAPI_LOSSY_FIELDS · R4
xrechnung · seller.address.country missing from json,xrechnung|seller.address.country|json,seller.address.country,BT-40,BG-5,Seller country code,1..1,xrechnung,json,BT-40,model BT-40; json —; xml mapped,The seller (BG-4) comes from the taxpayer resource; the operation carries only the contact point (BG-6),"Derived: fiskaly fills this from Taxpayer /address/country — provided when the account is onboarded (POST /taxpayers, system commissioning), not per invoice.",,note,structural · uapi-map.UAPI_LOSSY_FIELDS · R4
xrechnung · seller.address.number missing from json,xrechnung|seller.address.number|json,seller.address.number,BT-36,BG-5,Seller address line 2,0..1,xrechnung,json,BT-36,model BT-36; json —; xml mapped,The seller (BG-4) comes from the taxpayer resource; the operation carries only the contact point (BG-6),"Derived: fiskaly fills this from Taxpayer /address/line — provided when the account is onboarded (POST /taxpayers, system commissioning), not per invoice.",,note,structural · uapi-map.UAPI_LOSSY_FIELDS · R4
xrechnung · seller.address.postCode missing from json,xrechnung|seller.address.postCode|json,seller.address.postCode,BT-38,BG-5,Seller post code,0..1,xrechnung,json,BT-38,model BT-38; json —; xml mapped,The seller (BG-4) comes from the taxpayer resource; the operation carries only the contact point (BG-6),"Derived: fiskaly fills this from Taxpayer /address/code — provided when the account is onboarded (POST /taxpayers, system commissioning), not per invoice.",,note,structural · uapi-map.UAPI_LOSSY_FIELDS · R4
xrechnung · seller.address.region missing from json,xrechnung|seller.address.region|json,seller.address.region,BT-39,BG-5,Seller country subdivision,0..1,xrechnung,json,BT-39,model BT-39; json —; xml mapped,The seller (BG-4) comes from the taxpayer resource; the operation carries only the contact point (BG-6),"Derived: fiskaly fills this from Taxpayer /address/region — provided when the account is onboarded (POST /taxpayers, system commissioning), not per invoice.",,note,structural · uapi-map.UAPI_LOSSY_FIELDS · R4
xrechnung · seller.address.street missing from json,xrechnung|seller.address.street|json,seller.address.street,BT-35,BG-5,Seller address line 1,0..1,xrechnung,json,BT-35,model BT-35; json —; xml mapped,The seller (BG-4) comes from the taxpayer resource; the operation carries only the contact point (BG-6),"Derived: fiskaly fills this from Taxpayer /address/line — provided when the account is onboarded (POST /taxpayers, system commissioning), not per invoice.",,note,structural · uapi-map.UAPI_LOSSY_FIELDS · R4
xrechnung · seller.electronicAddress.id missing from json,xrechnung|seller.electronicAddress.id|json,seller.electronicAddress.id,BT-34,BG-4,Seller electronic address,1..1,xrechnung,json,BT-34,model BT-34; json —; xml mapped,The seller (BG-4) comes from the taxpayer resource; the operation carries only the contact point (BG-6),"Derived: fiskaly fills this from System::E_INVOICE_SERVICE annotations.peppol_id (Peppol registration) — provided when the account is onboarded (POST /taxpayers, system commissioning), not per invoice.",,note,structural · uapi-map.UAPI_LOSSY_FIELDS · R4
xrechnung · seller.electronicAddress.scheme missing from json,xrechnung|seller.electronicAddress.scheme|json,seller.electronicAddress.scheme,,,,,xrechnung,json,seller.electronicAddress.scheme,model Electronic address scheme; json —; xml mapped,The seller (BG-4) comes from the taxpayer resource; the operation carries only the contact point (BG-6),"Derived: fiskaly fills this from System::E_INVOICE_SERVICE annotations.peppol_id (Peppol registration) — provided when the account is onboarded (POST /taxpayers, system commissioning), not per invoice.",,note,structural · uapi-map.UAPI_LOSSY_FIELDS · R4
xrechnung · seller.legalRegId missing from json,xrechnung|seller.legalRegId|json,seller.legalRegId,BT-30,BG-4,Seller legal registration identifier,0..1,xrechnung,json,BT-30,model BT-30; json —; xml mapped,The seller (BG-4) comes from the taxpayer resource; the operation carries only the contact point (BG-6),Unobserved: no transmission capture exists for XRechnung 3.0.2 (UBL 2.1); the evidence in docs/reference/fatturapa/ covers the FatturaPA path only.,,should-fix,structural · uapi-map.UAPI_LOSSY_FIELDS · R2
xrechnung · seller.legalRegScheme missing from json,xrechnung|seller.legalRegScheme|json,seller.legalRegScheme,,,,,xrechnung,json,seller.legalRegScheme,model Legal registration scheme; json —; xml mapped,The seller (BG-4) comes from the taxpayer resource; the operation carries only the contact point (BG-6),Unobserved: no transmission capture exists for XRechnung 3.0.2 (UBL 2.1); the evidence in docs/reference/fatturapa/ covers the FatturaPA path only.,,should-fix,structural · uapi-map.UAPI_LOSSY_FIELDS · R2
xrechnung · seller.name missing from json,xrechnung|seller.name|json,seller.name,BT-27,BG-4,Seller name,1..1,xrechnung,json,BT-27,model BT-27; json —; xml mapped,The seller (BG-4) comes from the taxpayer resource; the operation carries only the contact point (BG-6),"Derived: fiskaly fills this from Taxpayer /name/legal — provided when the account is onboarded (POST /taxpayers, system commissioning), not per invoice.",,note,structural · uapi-map.UAPI_LOSSY_FIELDS · R4
xrechnung · seller.tradeName missing from json,xrechnung|seller.tradeName|json,seller.tradeName,BT-28,BG-4,Seller trading name,0..1,xrechnung,json,BT-28,model BT-28; json —; xml mapped,The seller (BG-4) comes from the taxpayer resource; the operation carries only the contact point (BG-6),"Derived: fiskaly fills this from Taxpayer /name/trade — provided when the account is onboarded (POST /taxpayers, system commissioning), not per invoice.",,note,structural · uapi-map.UAPI_LOSSY_FIELDS · R4
xrechnung · seller.vatId missing from json,xrechnung|seller.vatId|json,seller.vatId,BT-31,BG-4,Seller VAT identifier,0..1,xrechnung,json,BT-31,model BT-31; json —; xml mapped,The seller (BG-4) comes from the taxpayer resource; the operation carries only the contact point (BG-6),"Derived: fiskaly fills this from Taxpayer /fiscalization/vat_id_number — provided when the account is onboarded (POST /taxpayers, system commissioning), not per invoice.",,note,structural · uapi-map.UAPI_LOSSY_FIELDS · R4
xrechnung · totals.allowance missing from json,xrechnung|totals.allowance|json,totals.allowance,BT-107,BG-22,Sum of allowances on document level,0..1,xrechnung,json,BT-107,model BT-107; json —; xml mapped,totals.vat is a three-value VAT summary; the EN 16931 document-level sums and adjustments are not carried,Unobserved: no transmission capture exists for XRechnung 3.0.2 (UBL 2.1); the evidence in docs/reference/fatturapa/ covers the FatturaPA path only.,,should-fix,structural · uapi-map.UAPI_LOSSY_FIELDS · R2
xrechnung · totals.charge missing from json,xrechnung|totals.charge|json,totals.charge,BT-108,BG-22,Sum of charges on document level,0..1,xrechnung,json,BT-108,model BT-108; json —; xml mapped,totals.vat is a three-value VAT summary; the EN 16931 document-level sums and adjustments are not carried,Unobserved: no transmission capture exists for XRechnung 3.0.2 (UBL 2.1); the evidence in docs/reference/fatturapa/ covers the FatturaPA path only.,,should-fix,structural · uapi-map.UAPI_LOSSY_FIELDS · R2
xrechnung · totals.lineExtension missing from json,xrechnung|totals.lineExtension|json,totals.lineExtension,BT-106,BG-22,Sum of Invoice line net amount,1..1,xrechnung,json,BT-106,model BT-106; json —; xml mapped,totals.vat is a three-value VAT summary; the EN 16931 document-level sums and adjustments are not carried,Unobserved: no transmission capture exists for XRechnung 3.0.2 (UBL 2.1); the evidence in docs/reference/fatturapa/ covers the FatturaPA path only.,,should-fix,structural · uapi-map.UAPI_LOSSY_FIELDS · R2
xrechnung · totals.prepaid missing from json,xrechnung|totals.prepaid|json,totals.prepaid,BT-113,BG-22,Paid amount,0..1,xrechnung,json,BT-113,model BT-113; json —; xml mapped,totals.vat is a three-value VAT summary; the EN 16931 document-level sums and adjustments are not carried,Unobserved: no transmission capture exists for XRechnung 3.0.2 (UBL 2.1); the evidence in docs/reference/fatturapa/ covers the FatturaPA path only.,,should-fix,structural · uapi-map.UAPI_LOSSY_FIELDS · R2
xrechnung · totals.rounding missing from json,xrechnung|totals.rounding|json,totals.rounding,BT-114,BG-22,Rounding amount,0..1,xrechnung,json,BT-114,model BT-114; json —; xml mapped,totals.vat is a three-value VAT summary; the EN 16931 document-level sums and adjustments are not carried,Unobserved: no transmission capture exists for XRechnung 3.0.2 (UBL 2.1); the evidence in docs/reference/fatturapa/ covers the FatturaPA path only.,,should-fix,structural · uapi-map.UAPI_LOSSY_FIELDS · R2
xrechnung · typeCode missing from json,xrechnung|typeCode|json,typeCode,BT-3,BG-0,Invoice type code,1..1,xrechnung,json,BT-3,model BT-3; json —; xml mapped,BT-3 is derived by fiskaly; the operation only distinguishes INVOICE from CORRECTION,Unobserved: no transmission capture exists for XRechnung 3.0.2 (UBL 2.1); the evidence in docs/reference/fatturapa/ covers the FatturaPA path only.,,should-fix,structural · uapi-map.UAPI_LOSSY_FIELDS · R2
xrechnung · vatBreakdown.{i}.rate missing from json,xrechnung|vatBreakdown.{i}.rate|json,vatBreakdown.{i}.rate,BT-119,BG-23,VAT category rate,1..1,xrechnung,json,/breakdown/{i}/percentage,model BT-119; json —; xml mapped,Only a VAT_RATE row has a percentage; an exemption or reverse-charge row carries none,Unobserved: no transmission capture exists for XRechnung 3.0.2 (UBL 2.1); the evidence in docs/reference/fatturapa/ covers the FatturaPA path only.,,should-fix,structural · uapi-map.UAPI_PARTIAL_FIELDS · R2
xrechnung · vatBreakdown.{i}.vatexCode missing from json,xrechnung|vatBreakdown.{i}.vatexCode|json,vatBreakdown.{i}.vatexCode,BT-121,BG-23,VAT exemption reason code,0..1,xrechnung,json,BT-121,model BT-121; json —; xml mapped,rateCode/exemptionCode are many-to-one: the SystemVatRateCode and SystemVatExemptionCode enums cannot express Natura or a VATEX code,Unobserved: no transmission capture exists for XRechnung 3.0.2 (UBL 2.1); the evidence in docs/reference/fatturapa/ covers the FatturaPA path only.,,should-fix,structural · uapi-map.UAPI_LOSSY_FIELDS · R2
xrechnung · buyer.channel.codiceDestinatario missing from xml,xrechnung|buyer.channel.codiceDestinatario|xml,buyer.channel.codiceDestinatario,,,,,xrechnung,xml,buyer.channel.codiceDestinatario,model SDI destination code; json /recipients/{i}/invoicing/destination_code; xml —,The format's mapping table carries no row for this field,Unobserved: no transmission capture exists for XRechnung 3.0.2 (UBL 2.1); the evidence in docs/reference/fatturapa/ covers the FatturaPA path only.,DE_EI: applicable,note,structural · xrechnung-map.ts · R3
xrechnung · buyer.channel.email missing from xml,xrechnung|buyer.channel.email|xml,buyer.channel.email,,,,,xrechnung,xml,buyer.channel.email,model Recipient email address; json /recipients/{i}/invoicing/email; xml —,The format's mapping table carries no row for this field,Unobserved: no transmission capture exists for XRechnung 3.0.2 (UBL 2.1); the evidence in docs/reference/fatturapa/ covers the FatturaPA path only.,,note,structural · xrechnung-map.ts · R3
xrechnung · buyer.channel.format missing from xml,xrechnung|buyer.channel.format|xml,buyer.channel.format,,,,,xrechnung,xml,buyer.channel.format,model Email attachment format; json /recipients/{i}/invoicing/format; xml —,The format's mapping table carries no row for this field,Unobserved: no transmission capture exists for XRechnung 3.0.2 (UBL 2.1); the evidence in docs/reference/fatturapa/ covers the FatturaPA path only.,DE_EI: applicable,note,structural · xrechnung-map.ts · R3
xrechnung · buyer.channel.participantId missing from xml,xrechnung|buyer.channel.participantId|xml,buyer.channel.participantId,,,,,xrechnung,xml,buyer.channel.participantId,model Peppol participant identifier; json /recipients/{i}/invoicing/identifier; xml —,The format's mapping table carries no row for this field,Unobserved: no transmission capture exists for XRechnung 3.0.2 (UBL 2.1); the evidence in docs/reference/fatturapa/ covers the FatturaPA path only.,DE_EI: applicable,note,structural · xrechnung-map.ts · R3
xrechnung · buyer.channel.pec missing from xml,xrechnung|buyer.channel.pec|xml,buyer.channel.pec,,,,,xrechnung,xml,buyer.channel.pec,model Recipient PEC address; json /recipients/{i}/invoicing/pec; xml —,The format's mapping table carries no row for this field,Unobserved: no transmission capture exists for XRechnung 3.0.2 (UBL 2.1); the evidence in docs/reference/fatturapa/ covers the FatturaPA path only.,,note,structural · xrechnung-map.ts · R3
xrechnung · buyer.person.forename missing from xml,xrechnung|buyer.person.forename|xml,buyer.person.forename,,,,,xrechnung,xml,buyer.person.forename,model Forename; json —; xml —,The format's mapping table carries no row for this field,Unobserved: no transmission capture exists for XRechnung 3.0.2 (UBL 2.1); the evidence in docs/reference/fatturapa/ covers the FatturaPA path only.,,note,structural · xrechnung-map.ts · R3
xrechnung · buyer.person.gender missing from xml,xrechnung|buyer.person.gender|xml,buyer.person.gender,,,,,xrechnung,xml,buyer.person.gender,model Gender; json —; xml —,The format's mapping table carries no row for this field,Unobserved: no transmission capture exists for XRechnung 3.0.2 (UBL 2.1); the evidence in docs/reference/fatturapa/ covers the FatturaPA path only.,,note,structural · xrechnung-map.ts · R3
xrechnung · buyer.person.surname missing from xml,xrechnung|buyer.person.surname|xml,buyer.person.surname,,,,,xrechnung,xml,buyer.person.surname,model Surname; json —; xml —,The format's mapping table carries no row for this field,Unobserved: no transmission capture exists for XRechnung 3.0.2 (UBL 2.1); the evidence in docs/reference/fatturapa/ covers the FatturaPA path only.,,note,structural · xrechnung-map.ts · R3
xrechnung · buyer.taxId missing from xml,xrechnung|buyer.taxId|xml,buyer.taxId,,,,,xrechnung,xml,buyer.taxId,model Tax registration identifier (codice fiscale); json —; xml —,The format's mapping table carries no row for this field,Unobserved: no transmission capture exists for XRechnung 3.0.2 (UBL 2.1); the evidence in docs/reference/fatturapa/ covers the FatturaPA path only.,,note,structural · xrechnung-map.ts · R3
xrechnung · it.bollo.amount missing from xml,xrechnung|it.bollo.amount|xml,it.bollo.amount,,,,,xrechnung,xml,it.bollo.amount,model Stamp duty amount; json —; xml —,The format's mapping table carries no row for this field,Unobserved: no transmission capture exists for XRechnung 3.0.2 (UBL 2.1); the evidence in docs/reference/fatturapa/ covers the FatturaPA path only.,,note,structural · xrechnung-map.ts · R3
xrechnung · it.bollo.virtuale missing from xml,xrechnung|it.bollo.virtuale|xml,it.bollo.virtuale,,,,,xrechnung,xml,it.bollo.virtuale,model Virtual stamp duty indicator; json —; xml —,The format's mapping table carries no row for this field,Unobserved: no transmission capture exists for XRechnung 3.0.2 (UBL 2.1); the evidence in docs/reference/fatturapa/ covers the FatturaPA path only.,,note,structural · xrechnung-map.ts · R3
xrechnung · it.cig missing from xml,xrechnung|it.cig|xml,it.cig,,,,,xrechnung,xml,it.cig,model CIG - codice identificativo gara; json —; xml —,The format's mapping table carries no row for this field,Unobserved: no transmission capture exists for XRechnung 3.0.2 (UBL 2.1); the evidence in docs/reference/fatturapa/ covers the FatturaPA path only.,,note,structural · xrechnung-map.ts · R3
xrechnung · it.cup missing from xml,xrechnung|it.cup|xml,it.cup,,,,,xrechnung,xml,it.cup,model CUP - codice unico di progetto; json —; xml —,The format's mapping table carries no row for this field,Unobserved: no transmission capture exists for XRechnung 3.0.2 (UBL 2.1); the evidence in docs/reference/fatturapa/ covers the FatturaPA path only.,,note,structural · xrechnung-map.ts · R3
xrechnung · lines.{i}.it.altriDatiGestionali.riferimentoData missing from xml,xrechnung|lines.{i}.it.altriDatiGestionali.riferimentoData|xml,lines.{i}.it.altriDatiGestionali.riferimentoData,,,,,xrechnung,xml,lines.{i}.it.altriDatiGestionali.riferimentoData,model Management data date (FatturaPA); json —; xml —,The format's mapping table carries no row for this field,Unobserved: no transmission capture exists for XRechnung 3.0.2 (UBL 2.1); the evidence in docs/reference/fatturapa/ covers the FatturaPA path only.,,note,structural · xrechnung-map.ts · R3
xrechnung · lines.{i}.it.altriDatiGestionali.riferimentoNumero missing from xml,xrechnung|lines.{i}.it.altriDatiGestionali.riferimentoNumero|xml,lines.{i}.it.altriDatiGestionali.riferimentoNumero,,,,,xrechnung,xml,lines.{i}.it.altriDatiGestionali.riferimentoNumero,model Management data number (FatturaPA); json —; xml —,The format's mapping table carries no row for this field,Unobserved: no transmission capture exists for XRechnung 3.0.2 (UBL 2.1); the evidence in docs/reference/fatturapa/ covers the FatturaPA path only.,,note,structural · xrechnung-map.ts · R3
xrechnung · lines.{i}.it.altriDatiGestionali.riferimentoTesto missing from xml,xrechnung|lines.{i}.it.altriDatiGestionali.riferimentoTesto|xml,lines.{i}.it.altriDatiGestionali.riferimentoTesto,,,,,xrechnung,xml,lines.{i}.it.altriDatiGestionali.riferimentoTesto,model Management data text (FatturaPA); json —; xml —,The format's mapping table carries no row for this field,Unobserved: no transmission capture exists for XRechnung 3.0.2 (UBL 2.1); the evidence in docs/reference/fatturapa/ covers the FatturaPA path only.,,note,structural · xrechnung-map.ts · R3
xrechnung · lines.{i}.it.altriDatiGestionali.tipoDato missing from xml,xrechnung|lines.{i}.it.altriDatiGestionali.tipoDato|xml,lines.{i}.it.altriDatiGestionali.tipoDato,,,,,xrechnung,xml,lines.{i}.it.altriDatiGestionali.tipoDato,model Management data type (FatturaPA); json —; xml —,The format's mapping table carries no row for this field,Unobserved: no transmission capture exists for XRechnung 3.0.2 (UBL 2.1); the evidence in docs/reference/fatturapa/ covers the FatturaPA path only.,,note,structural · xrechnung-map.ts · R3
xrechnung · lines.{i}.vat.natura missing from xml,xrechnung|lines.{i}.vat.natura|xml,lines.{i}.vat.natura,,,,,xrechnung,xml,lines.{i}.vat.natura,model Line natura (FatturaPA); json —; xml —,The format's mapping table carries no row for this field,Unobserved: no transmission capture exists for XRechnung 3.0.2 (UBL 2.1); the evidence in docs/reference/fatturapa/ covers the FatturaPA path only.,,note,structural · xrechnung-map.ts · R3
xrechnung · lines.{i}.vat.reason missing from xml,xrechnung|lines.{i}.vat.reason|xml,lines.{i}.vat.reason,,,,,xrechnung,xml,lines.{i}.vat.reason,model Line VAT exemption reason text; json /entries/{i}/data/vat/reason; xml —,The format's mapping table carries no row for this field,Unobserved: no transmission capture exists for XRechnung 3.0.2 (UBL 2.1); the evidence in docs/reference/fatturapa/ covers the FatturaPA path only.,DE_EI: applicable,note,structural · xrechnung-map.ts · R3
xrechnung · lines.{i}.vat.vatexCode missing from xml,xrechnung|lines.{i}.vat.vatexCode|xml,lines.{i}.vat.vatexCode,,,,,xrechnung,xml,lines.{i}.vat.vatexCode,model Line VAT exemption reason code; json —; xml —,The format's mapping table carries no row for this field,Unobserved: no transmission capture exists for XRechnung 3.0.2 (UBL 2.1); the evidence in docs/reference/fatturapa/ covers the FatturaPA path only.,,note,structural · xrechnung-map.ts · R3
xrechnung · payment.conditions missing from xml,xrechnung|payment.conditions|xml,payment.conditions,,,,,xrechnung,xml,payment.conditions,model Payment conditions (CondizioniPagamento); json —; xml —,The format's mapping table carries no row for this field,Unobserved: no transmission capture exists for XRechnung 3.0.2 (UBL 2.1); the evidence in docs/reference/fatturapa/ covers the FatturaPA path only.,,note,structural · xrechnung-map.ts · R3
xrechnung · payment.italianMeansCode missing from xml,xrechnung|payment.italianMeansCode|xml,payment.italianMeansCode,,,,,xrechnung,xml,payment.italianMeansCode,model Payment means (ModalitaPagamento); json —; xml —,The format's mapping table carries no row for this field,Unobserved: no transmission capture exists for XRechnung 3.0.2 (UBL 2.1); the evidence in docs/reference/fatturapa/ covers the FatturaPA path only.,,note,structural · xrechnung-map.ts · R3
xrechnung · references.despatchAdvice.issueDate missing from xml,xrechnung|references.despatchAdvice.issueDate|xml,references.despatchAdvice.issueDate,,,,,xrechnung,xml,references.despatchAdvice.issueDate,model Despatch advice date; json —; xml —,The format's mapping table carries no row for this field,Unobserved: no transmission capture exists for XRechnung 3.0.2 (UBL 2.1); the evidence in docs/reference/fatturapa/ covers the FatturaPA path only.,,note,structural · xrechnung-map.ts · R3
xrechnung · seller.it.rea.capital missing from xml,xrechnung|seller.it.rea.capital|xml,seller.it.rea.capital,,,,,xrechnung,xml,seller.it.rea.capital,model Share capital; json —; xml —,The format's mapping table carries no row for this field,Unobserved: no transmission capture exists for XRechnung 3.0.2 (UBL 2.1); the evidence in docs/reference/fatturapa/ covers the FatturaPA path only.,,note,structural · xrechnung-map.ts · R3
xrechnung · seller.it.rea.liquidation missing from xml,xrechnung|seller.it.rea.liquidation|xml,seller.it.rea.liquidation,,,,,xrechnung,xml,seller.it.rea.liquidation,model Liquidation status; json —; xml —,The format's mapping table carries no row for this field,Unobserved: no transmission capture exists for XRechnung 3.0.2 (UBL 2.1); the evidence in docs/reference/fatturapa/ covers the FatturaPA path only.,,note,structural · xrechnung-map.ts · R3
xrechnung · seller.it.rea.number missing from xml,xrechnung|seller.it.rea.number|xml,seller.it.rea.number,,,,,xrechnung,xml,seller.it.rea.number,model REA registration number; json —; xml —,The format's mapping table carries no row for this field,Unobserved: no transmission capture exists for XRechnung 3.0.2 (UBL 2.1); the evidence in docs/reference/fatturapa/ covers the FatturaPA path only.,,note,structural · xrechnung-map.ts · R3
xrechnung · seller.it.rea.office missing from xml,xrechnung|seller.it.rea.office|xml,seller.it.rea.office,,,,,xrechnung,xml,seller.it.rea.office,model REA registration office; json —; xml —,The format's mapping table carries no row for this field,Unobserved: no transmission capture exists for XRechnung 3.0.2 (UBL 2.1); the evidence in docs/reference/fatturapa/ covers the FatturaPA path only.,,note,structural · xrechnung-map.ts · R3
xrechnung · seller.it.rea.soleShareholder missing from xml,xrechnung|seller.it.rea.soleShareholder|xml,seller.it.rea.soleShareholder,,,,,xrechnung,xml,seller.it.rea.soleShareholder,model Sole shareholder indicator; json —; xml —,The format's mapping table carries no row for this field,Unobserved: no transmission capture exists for XRechnung 3.0.2 (UBL 2.1); the evidence in docs/reference/fatturapa/ covers the FatturaPA path only.,,note,structural · xrechnung-map.ts · R3
xrechnung · seller.it.regimeFiscale missing from xml,xrechnung|seller.it.regimeFiscale|xml,seller.it.regimeFiscale,,,,,xrechnung,xml,seller.it.regimeFiscale,model Tax regime (RegimeFiscale); json —; xml —,The format's mapping table carries no row for this field,Unobserved: no transmission capture exists for XRechnung 3.0.2 (UBL 2.1); the evidence in docs/reference/fatturapa/ covers the FatturaPA path only.,,note,structural · xrechnung-map.ts · R3
xrechnung · seller.person.forename missing from xml,xrechnung|seller.person.forename|xml,seller.person.forename,,,,,xrechnung,xml,seller.person.forename,model Forename; json —; xml —,The format's mapping table carries no row for this field,Unobserved: no transmission capture exists for XRechnung 3.0.2 (UBL 2.1); the evidence in docs/reference/fatturapa/ covers the FatturaPA path only.,,note,structural · xrechnung-map.ts · R3
xrechnung · seller.person.gender missing from xml,xrechnung|seller.person.gender|xml,seller.person.gender,,,,,xrechnung,xml,seller.person.gender,model Gender; json —; xml —,The format's mapping table carries no row for this field,Unobserved: no transmission capture exists for XRechnung 3.0.2 (UBL 2.1); the evidence in docs/reference/fatturapa/ covers the FatturaPA path only.,,note,structural · xrechnung-map.ts · R3
xrechnung · seller.person.surname missing from xml,xrechnung|seller.person.surname|xml,seller.person.surname,,,,,xrechnung,xml,seller.person.surname,model Surname; json —; xml —,The format's mapping table carries no row for this field,Unobserved: no transmission capture exists for XRechnung 3.0.2 (UBL 2.1); the evidence in docs/reference/fatturapa/ covers the FatturaPA path only.,,note,structural · xrechnung-map.ts · R3
xrechnung · seller.taxId missing from xml,xrechnung|seller.taxId|xml,seller.taxId,BT-32,BG-4,Seller tax registration identifier,0..1,xrechnung,xml,BT-32,model BT-32; json —; xml —,The format's mapping table carries no row for this field,Unobserved: no transmission capture exists for XRechnung 3.0.2 (UBL 2.1); the evidence in docs/reference/fatturapa/ covers the FatturaPA path only.,,note,structural · xrechnung-map.ts · R3
xrechnung · vatBreakdown.{i}.esigibilita missing from xml,xrechnung|vatBreakdown.{i}.esigibilita|xml,vatBreakdown.{i}.esigibilita,,,,,xrechnung,xml,vatBreakdown.{i}.esigibilita,model Esigibilita IVA (FatturaPA); json —; xml —,The format's mapping table carries no row for this field,Unobserved: no transmission capture exists for XRechnung 3.0.2 (UBL 2.1); the evidence in docs/reference/fatturapa/ covers the FatturaPA path only.,,note,structural · xrechnung-map.ts · R3
xrechnung · vatBreakdown.{i}.natura missing from xml,xrechnung|vatBreakdown.{i}.natura|xml,vatBreakdown.{i}.natura,,,,,xrechnung,xml,vatBreakdown.{i}.natura,model Natura (FatturaPA); json —; xml —,The format's mapping table carries no row for this field,Unobserved: no transmission capture exists for XRechnung 3.0.2 (UBL 2.1); the evidence in docs/reference/fatturapa/ covers the FatturaPA path only.,,note,structural · xrechnung-map.ts · R3
